Workbook

Sheet ALL
B1: Type | C1: JAN | D1: FEB | E1: MAR | F1: APR | G1: MAY | H1: JUN | I1: JUL | J1: AUG | K1: SEP | L1: OCT | M1: NOV | N1: DEC | O1: JAN'27 | P1: FEB'27 | Q1: MAR'27
A2: ALL | B2: Staff | C2: 148 | D2: 149 | E2: 149 | F2: 151 | G2: 150 | H2: 150 | I2: 149 | J2: 149 | K2: 149 | L2: 149 | M2: 149 | N2: 149 | O2: 149 | P2: 149 | Q2: 149
A3: ALL | B3: Staff AVG | C3: 149 | D3: 149 | E3: 149 | F3: 149 | G3: 149 | H3: 149 | I3: 149 | J3: 149 | K3: 149 | L3: 149 | M3: 149 | N3: 149 | O3: 149 | P3: 149 | Q3: 149
A4: ALL | B4: Plan | C4: 131 | D4: 139 | E4: 142 | F4: 143 | G4: 147 | H4: 144 | I4: 143 | J4: 140 | K4: 139 | L4: 132 | M4: 130 | N4: 130 | O4: 105 | P4: 104 | Q4: 104
B6: % Plan | C6: 0.8826 | D6: 0.9362 | E6: 0.9559 | F6: 0.9479 | G6: 0.9792 | H6: 0.9583 | I6: 0.9591 | J6: 0.9376 | K6: 0.9318 | L6: 0.8837 | M6: 0.8741 | N6: 0.8694 | O6: 0.7023 | P6: 0.7002 | Q6: 0.7002
B7: Available FTE | C7: 17 | D7: 10 | E7: 7 | F7: 8 | G7: 3 | H7: 6 | I7: 6 | J7: 9 | K7: 10 | L7: 17 | M7: 19 | N7: 19 | O7: 44 | P7: 45 | Q7: 45
A9: Staff | B9: PAYROLL | C9: 121 | D9: 120 | E9: 118 | F9: 118 | G9: 117 | H9: 117 | I9: 116 | J9: 116 | K9: 116 | L9: 116 | M9: 116 | N9: 116 | O9: 116 | P9: 116 | Q9: 116
A10: Staff AVG | B10: PAYROLL | C10: 117 | D10: 117 | E10: 117 | F10: 116 | G10: 116 | H10: 116 | I10: 116 | J10: 116 | K10: 116 | L10: 116 | M10: 116 | N10: 116 | O10: 116 | P10: 116 | Q10: 116
A11: Plan | B11: PAYROLL | C11: 105 | D11: 111 | E11: 111 | F11: 112 | G11: 113 | H11: 111 | I11: 108 | J11: 105 | K11: 103 | L11: 100 | M11: 99 | N11: 98 | O11: 81 | P11: 81 | Q11: 81
A13: Staff | B13: CONTRACTOR | C13: 21 | D13: 21 | E13: 21 | F13: 21 | G13: 21 | H13: 21 | I13: 21 | J13: 21 | K13: 21 | L13: 21 | M13: 21 | N13: 21 | O13: 21 | P13: 21 | Q13: 21
A14: Staff AVG | B14: CONTRACTOR | C14: 21 | D14: 21 | E14: 21 | F14: 21 | G14: 21 | H14: 21 | I14: 21 | J14: 21 | K14: 21 | L14: 21 | M14: 21 | N14: 21 | O14: 21 | P14: 21 | Q14: 21
A15: Plan | B15: CONTRACTOR | C15: 20 | D15: 20 | E15: 22 | F15: 21 | G15: 21 | H15: 20 | I15: 20 | J15: 20 | K15: 20 | L15: 19 | M15: 19 | N15: 19 | O15: 17 | P15: 17 | Q15: 17
A17: Staff | B17: OUTSOURCE | C17: 6 | D17: 8 | E17: 10 | F17: 12 | G17: 12 | H17: 12 | I17: 12 | J17: 12 | K17: 12 | L17: 12 | M17: 12 | N17: 12 | O17: 12 | P17: 12 | Q17: 12
A18: Staff AVG | B18: OUTSOURCE | C18: 11 | D18: 11 | E18: 11 | F18: 11 | G18: 11 | H18: 11 | I18: 11 | J18: 11 | K18: 11 | L18: 11 | M18: 11 | N18: 11 | O18: 11 | P18: 11 | Q18: 11
A19: Plan | B19: OUTSOURCE | C19: 6 | D19: 8 | E19: 10 | F19: 10 | G19: 12 | H19: 14 | I19: 15 | J19: 15 | K19: 16 | L19: 12 | M19: 12 | N19: 12 | O19: 7 | P19: 7 | Q19: 7
B31: Type | C31: Q1 | D31: Q2 | E31: Q3 | F31: Q4 | G31: Q1'27
A32: ALL | B32: Staff | C32: 149 | D32: 150 | E32: 149 | F32: 149 | G32: 149
A33: ALL | B33: Staff AVG | C33: 149 | D33: 149 | E33: 149 | F33: 149 | G33: 149
A34: ALL | B34: Plan | C34: 138 | D34: 145 | E34: 140 | F34: 130 | G34: 121
C35: 0.075 | D35: 0.0382 | E35: 0.0572 | F35: 0.1243 | G35: 0.1848
B36: % Plan | C36: 0.925 | D36: 0.9618 | E36: 0.9428 | F36: 0.8757 | G36: 0.8152
B37: Available FTE | C37: 11 | D37: 6 | E37: 9 | F37: 19 | G37: 28
A39: Staff | B39: PAYROLL | C39: 120 | D39: 117 | E39: 116 | F39: 116 | G39: 116
A40: Staff AVG | B40: PAYROLL | C40: 117 | D40: 116 | E40: 116 | F40: 116 | G40: 116
A41: Plan | B41: PAYROLL | C41: 109 | D41: 112 | E41: 105 | F41: 99 | G41: 93
A43: Staff | B43: CONTRACTOR | C43: 21 | D43: 21 | E43: 21 | F43: 21 | G43: 21
A44: Staff AVG | B44: CONTRACTOR | C44: 21 | D44: 21 | E44: 21 | F44: 21 | G44: 21
A45: Plan | B45: CONTRACTOR | C45: 21 | D45: 21 | E45: 20 | F45: 19 | G45: 18
A47: Staff | B47: OUTSOURCE | C47: 8 | D47: 12 | E47: 12 | F47: 12 | G47: 12
A48: Staff AVG | B48: OUTSOURCE | C48: 11 | D48: 11 | E48: 11 | F48: 11 | G48: 11
A49: Plan | B49: OUTSOURCE | C49: 8 | D49: 12 | E49: 15 | F49: 12 | G49: 11

Sheet GraphAll
B1: =IF(ALL!C1>0,ALL!C1,"") -> JAN | C1: =IF(ALL!D1>0,ALL!D1,"") -> FEB | D1: =IF(ALL!E1>0,ALL!E1,"") -> MAR | E1: =IF(ALL!F1>0,ALL!F1,"") -> APR | F1: =IF(ALL!G1>0,ALL!G1,"") -> MAY | G1: =IF(ALL!H1>0,ALL!H1,"") -> JUN | H1: =IF(ALL!I1>0,ALL!I1,"") -> JUL | I1: =IF(ALL!J1>0,ALL!J1,"") -> AUG | ... P1: =IF(ALL!Q1>0,ALL!Q1,"") -> MAR'27
A2: =IF(ALL!B2>0,ALL!B2,"") -> Staff | B2: =IF(ALL!C2>0,ALL!C2,"") -> 148 | C2: =IF(ALL!D2>0,ALL!D2,"") -> 149 | D2: =IF(ALL!E2>0,ALL!E2,"") -> 149 | E2: =IF(ALL!F2>0,ALL!F2,"") -> 151 | F2: =IF(ALL!G2>0,ALL!G2,"") -> 150 | G2: =IF(ALL!H2>0,ALL!H2,"") -> 150 | H2: =IF(ALL!I2>0,ALL!I2,"") -> 149 | ... P2: =IF(ALL!Q2>0,ALL!Q2,"") -> 149
A3: =IF(ALL!B3>0,ALL!B3,"") -> Staff AVG | B3: =IF(ALL!C3>0,ALL!C3,"") -> 149 | C3: =IF(ALL!D3>0,ALL!D3,"") -> 149 | D3: =IF(ALL!E3>0,ALL!E3,"") -> 149 | E3: =IF(ALL!F3>0,ALL!F3,"") -> 149 | F3: =IF(ALL!G3>0,ALL!G3,"") -> 149 | G3: =IF(ALL!H3>0,ALL!H3,"") -> 149 | H3: =IF(ALL!I3>0,ALL!I3,"") -> 149 | ... P3: =IF(ALL!Q3>0,ALL!Q3,"") -> 149
A4: =IF(ALL!B4>0,ALL!B4,"") -> Plan | B4: =IF(ALL!C4>0,ALL!C4,"") -> 131 | C4: =IF(ALL!D4>0,ALL!D4,"") -> 139 | D4: =IF(ALL!E4>0,ALL!E4,"") -> 142 | E4: =IF(ALL!F4>0,ALL!F4,"") -> 143 | F4: =IF(ALL!G4>0,ALL!G4,"") -> 147 | G4: =IF(ALL!H4>0,ALL!H4,"") -> 144 | H4: =IF(ALL!I4>0,ALL!I4,"") -> 143 | ... P4: =IF(ALL!Q4>0,ALL!Q4,"") -> 104
A5: =IF(ALL!B11>0,ALL!B11,"") -> PAYROLL | B5: =IF(ALL!C11>0,ALL!C11,"") -> 105 | C5: =IF(ALL!D11>0,ALL!D11,"") -> 111 | D5: =IF(ALL!E11>0,ALL!E11,"") -> 111 | E5: =IF(ALL!F11>0,ALL!F11,"") -> 112 | F5: =IF(ALL!G11>0,ALL!G11,"") -> 113 | G5: =IF(ALL!H11>0,ALL!H11,"") -> 111 | H5: =IF(ALL!I11>0,ALL!I11,"") -> 108 | ... P5: =IF(ALL!Q11>0,ALL!Q11,"") -> 81
A6: =IF(ALL!B15>0,ALL!B15,"") -> CONTRACTOR | B6: =IF(ALL!C15>0,ALL!C15,"") -> 20 | C6: =IF(ALL!D15>0,ALL!D15,"") -> 20 | D6: =IF(ALL!E15>0,ALL!E15,"") -> 22 | E6: =IF(ALL!F15>0,ALL!F15,"") -> 21 | F6: =IF(ALL!G15>0,ALL!G15,"") -> 21 | G6: =IF(ALL!H15>0,ALL!H15,"") -> 20 | H6: =IF(ALL!I15>0,ALL!I15,"") -> 20 | ... P6: =IF(ALL!Q15>0,ALL!Q15,"") -> 17
A7: =IF(ALL!B19>0,ALL!B19,"") -> OUTSOURCE | B7: =IF(ALL!C19>0,ALL!C19,"") -> 6 | C7: =IF(ALL!D19>0,ALL!D19,"") -> 8 | D7: =IF(ALL!E19>0,ALL!E19,"") -> 10 | E7: =IF(ALL!F19>0,ALL!F19,"") -> 10 | F7: =IF(ALL!G19>0,ALL!G19,"") -> 12 | G7: =IF(ALL!H19>0,ALL!H19,"") -> 14 | H7: =IF(ALL!I19>0,ALL!I19,"") -> 15 | ... P7: =IF(ALL!Q19>0,ALL!Q19,"") -> 7
B11: =IF(ALL!C1>0,ALL!C1,"") -> JAN | C11: =IF(ALL!D1>0,ALL!D1,"") -> FEB | D11: =IF(ALL!E1>0,ALL!E1,"") -> MAR | E11: =IF(ALL!F1>0,ALL!F1,"") -> APR | F11: =IF(ALL!G1>0,ALL!G1,"") -> MAY | G11: =IF(ALL!H1>0,ALL!H1,"") -> JUN | H11: =IF(ALL!I1>0,ALL!I1,"") -> JUL | I11: =IF(ALL!J1>0,ALL!J1,"") -> AUG | ... P11: =IF(ALL!Q1>0,ALL!Q1,"") -> MAR'27
A12: =IF(ALL!A9>0,ALL!A9,"") -> Staff | B12: =IF(ALL!C9>0,ALL!C9,"") -> 121 | C12: =IF(ALL!D9>0,ALL!D9,"") -> 120 | D12: =IF(ALL!E9>0,ALL!E9,"") -> 118 | E12: =IF(ALL!F9>0,ALL!F9,"") -> 118 | F12: =IF(ALL!G9>0,ALL!G9,"") -> 117 | G12: =IF(ALL!H9>0,ALL!H9,"") -> 117 | H12: =IF(ALL!I9>0,ALL!I9,"") -> 116 | I12: =IF(ALL!J9>0,ALL!J9,"") -> 116 | ... P12: =IF(ALL!Q9>0,ALL!Q9,"") -> 116
A13: =IF(ALL!A10>0,ALL!A10,"") -> Staff AVG | B13: =IF(ALL!C10>0,ALL!C10,"") -> 117 | C13: =IF(ALL!D10>0,ALL!D10,"") -> 117 | D13: =IF(ALL!E10>0,ALL!E10,"") -> 117 | E13: =IF(ALL!F10>0,ALL!F10,"") -> 116 | F13: =IF(ALL!G10>0,ALL!G10,"") -> 116 | G13: =IF(ALL!H10>0,ALL!H10,"") -> 116 | H13: =IF(ALL!I10>0,ALL!I10,"") -> 116 | I13: =IF(ALL!J10>0,ALL!J10,"") -> 116 | ... P13: =IF(ALL!Q10>0,ALL!Q10,"") -> 116
A14: =IF(ALL!A11>0,ALL!A11,"") -> Plan | B14: =IF(ALL!C11>0,ALL!C11,"") -> 105 | C14: =IF(ALL!D11>0,ALL!D11,"") -> 111 | D14: =IF(ALL!E11>0,ALL!E11,"") -> 111 | E14: =IF(ALL!F11>0,ALL!F11,"") -> 112 | F14: =IF(ALL!G11>0,ALL!G11,"") -> 113 | G14: =IF(ALL!H11>0,ALL!H11,"") -> 111 | H14: =IF(ALL!I11>0,ALL!I11,"") -> 108 | I14: =IF(ALL!J11>0,ALL!J11,"") -> 105 | ... P14: =IF(ALL!Q11>0,ALL!Q11,"") -> 81
B21: =IF(ALL!C1>0,ALL!C1,"") -> JAN | C21: =IF(ALL!D1>0,ALL!D1,"") -> FEB | D21: =IF(ALL!E1>0,ALL!E1,"") -> MAR | E21: =IF(ALL!F1>0,ALL!F1,"") -> APR | F21: =IF(ALL!G1>0,ALL!G1,"") -> MAY | G21: =IF(ALL!H1>0,ALL!H1,"") -> JUN | H21: =IF(ALL!I1>0,ALL!I1,"") -> JUL | I21: =IF(ALL!J1>0,ALL!J1,"") -> AUG | ... P21: =IF(ALL!Q1>0,ALL!Q1,"") -> MAR'27
A22: =IF(ALL!A13>0,ALL!A13,"") -> Staff | B22: =IF(ALL!C13>0,ALL!C13,"") -> 21 | C22: =IF(ALL!D13>0,ALL!D13,"") -> 21 | D22: =IF(ALL!E13>0,ALL!E13,"") -> 21 | E22: =IF(ALL!F13>0,ALL!F13,"") -> 21 | F22: =IF(ALL!G13>0,ALL!G13,"") -> 21 | G22: =IF(ALL!H13>0,ALL!H13,"") -> 21 | H22: =IF(ALL!I13>0,ALL!I13,"") -> 21 | I22: =IF(ALL!J13>0,ALL!J13,"") -> 21 | ... P22: =IF(ALL!Q13>0,ALL!Q13,"") -> 21
A23: =IF(ALL!A14>0,ALL!A14,"") -> Staff AVG | B23: =IF(ALL!C14>0,ALL!C14,"") -> 21 | C23: =IF(ALL!D14>0,ALL!D14,"") -> 21 | D23: =IF(ALL!E14>0,ALL!E14,"") -> 21 | E23: =IF(ALL!F14>0,ALL!F14,"") -> 21 | F23: =IF(ALL!G14>0,ALL!G14,"") -> 21 | G23: =IF(ALL!H14>0,ALL!H14,"") -> 21 | H23: =IF(ALL!I14>0,ALL!I14,"") -> 21 | I23: =IF(ALL!J14>0,ALL!J14,"") -> 21 | ... P23: =IF(ALL!Q14>0,ALL!Q14,"") -> 21
A24: =IF(ALL!A15>0,ALL!A15,"") -> Plan | B24: =IF(ALL!C15>0,ALL!C15,"") -> 20 | C24: =IF(ALL!D15>0,ALL!D15,"") -> 20 | D24: =IF(ALL!E15>0,ALL!E15,"") -> 22 | E24: =IF(ALL!F15>0,ALL!F15,"") -> 21 | F24: =IF(ALL!G15>0,ALL!G15,"") -> 21 | G24: =IF(ALL!H15>0,ALL!H15,"") -> 20 | H24: =IF(ALL!I15>0,ALL!I15,"") -> 20 | I24: =IF(ALL!J15>0,ALL!J15,"") -> 20 | ... P24: =IF(ALL!Q15>0,ALL!Q15,"") -> 17
B31: =IF(ALL!C1>0,ALL!C1,"") -> JAN | C31: =IF(ALL!D1>0,ALL!D1,"") -> FEB | D31: =IF(ALL!E1>0,ALL!E1,"") -> MAR | E31: =IF(ALL!F1>0,ALL!F1,"") -> APR | F31: =IF(ALL!G1>0,ALL!G1,"") -> MAY | G31: =IF(ALL!H1>0,ALL!H1,"") -> JUN | H31: =IF(ALL!I1>0,ALL!I1,"") -> JUL | I31: =IF(ALL!J1>0,ALL!J1,"") -> AUG | ... P31: =IF(ALL!Q1>0,ALL!Q1,"") -> MAR'27
A32: =IF(ALL!A17>0,ALL!A17,"") -> Staff | B32: =IF(ALL!C17>0,ALL!C17,"") -> 6 | C32: =IF(ALL!D17>0,ALL!D17,"") -> 8 | D32: =IF(ALL!E17>0,ALL!E17,"") -> 10 | E32: =IF(ALL!F17>0,ALL!F17,"") -> 12 | F32: =IF(ALL!G17>0,ALL!G17,"") -> 12 | G32: =IF(ALL!H17>0,ALL!H17,"") -> 12 | H32: =IF(ALL!I17>0,ALL!I17,"") -> 12 | I32: =IF(ALL!J17>0,ALL!J17,"") -> 12 | ... P32: =IF(ALL!Q17>0,ALL!Q17,"") -> 12
A33: =IF(ALL!A18>0,ALL!A18,"") -> Staff AVG | B33: =IF(ALL!C18>0,ALL!C18,"") -> 11 | C33: =IF(ALL!D18>0,ALL!D18,"") -> 11 | D33: =IF(ALL!E18>0,ALL!E18,"") -> 11 | E33: =IF(ALL!F18>0,ALL!F18,"") -> 11 | F33: =IF(ALL!G18>0,ALL!G18,"") -> 11 | G33: =IF(ALL!H18>0,ALL!H18,"") -> 11 | H33: =IF(ALL!I18>0,ALL!I18,"") -> 11 | I33: =IF(ALL!J18>0,ALL!J18,"") -> 11 | ... P33: =IF(ALL!Q18>0,ALL!Q18,"") -> 11
A34: =IF(ALL!A19>0,ALL!A19,"") -> Plan | B34: =IF(ALL!C19>0,ALL!C19,"") -> 6 | C34: =IF(ALL!D19>0,ALL!D19,"") -> 8 | D34: =IF(ALL!E19>0,ALL!E19,"") -> 10 | E34: =IF(ALL!F19>0,ALL!F19,"") -> 10 | F34: =IF(ALL!G19>0,ALL!G19,"") -> 12 | G34: =IF(ALL!H19>0,ALL!H19,"") -> 14 | H34: =IF(ALL!I19>0,ALL!I19,"") -> 15 | I34: =IF(ALL!J19>0,ALL!J19,"") -> 15 | ... P34: =IF(ALL!Q19>0,ALL!Q19,"") -> 7
B41: =IF(ALL!C31>0,ALL!C31,"") -> Q1 | C41: =IF(ALL!D31>0,ALL!D31,"") -> Q2 | D41: =IF(ALL!E31>0,ALL!E31,"") -> Q3 | E41: =IF(ALL!F31>0,ALL!F31,"") -> Q4 | F41: =IF(ALL!G31>0,ALL!G31,"") -> Q1'27
A42: =IF(ALL!B32>0,ALL!B32,"") -> Staff | B42: =IF(ALL!C32>0,ALL!C32,"") -> 149 | C42: =IF(ALL!D32>0,ALL!D32,"") -> 150 | D42: =IF(ALL!E32>0,ALL!E32,"") -> 149 | E42: =IF(ALL!F32>0,ALL!F32,"") -> 149 | F42: =IF(ALL!G32>0,ALL!G32,"") -> 149
A43: =IF(ALL!B33>0,ALL!B33,"") -> Staff AVG | B43: =IF(ALL!C33>0,ALL!C33,"") -> 149 | C43: =IF(ALL!D33>0,ALL!D33,"") -> 149 | D43: =IF(ALL!E33>0,ALL!E33,"") -> 149 | E43: =IF(ALL!F33>0,ALL!F33,"") -> 149 | F43: =IF(ALL!G33>0,ALL!G33,"") -> 149
A44: =IF(ALL!B34>0,ALL!B34,"") -> Plan | B44: =IF(ALL!C34>0,ALL!C34,"") -> 138 | C44: =IF(ALL!D34>0,ALL!D34,"") -> 145 | D44: =IF(ALL!E34>0,ALL!E34,"") -> 140 | E44: =IF(ALL!F34>0,ALL!F34,"") -> 130 | F44: =IF(ALL!G34>0,ALL!G34,"") -> 121
A45: =IF(ALL!B41>0,ALL!B41,"") -> PAYROLL | B45: =IF(ALL!C41>0,ALL!C41,"") -> 109 | C45: =IF(ALL!D41>0,ALL!D41,"") -> 112 | D45: =IF(ALL!E41>0,ALL!E41,"") -> 105 | E45: =IF(ALL!F41>0,ALL!F41,"") -> 99 | F45: =IF(ALL!G41>0,ALL!G41,"") -> 93
A46: =IF(ALL!B45>0,ALL!B45,"") -> CONTRACTOR | B46: =IF(ALL!C45>0,ALL!C45,"") -> 21 | C46: =IF(ALL!D45>0,ALL!D45,"") -> 21 | D46: =IF(ALL!E45>0,ALL!E45,"") -> 20 | E46: =IF(ALL!F45>0,ALL!F45,"") -> 19 | F46: =IF(ALL!G45>0,ALL!G45,"") -> 18
A47: =IF(ALL!B49>0,ALL!B49,"") -> OUTSOURCE | B47: =IF(ALL!C49>0,ALL!C49,"") -> 8 | C47: =IF(ALL!D49>0,ALL!D49,"") -> 12 | D47: =IF(ALL!E49>0,ALL!E49,"") -> 15 | E47: =IF(ALL!F49>0,ALL!F49,"") -> 12 | F47: =IF(ALL!G49>0,ALL!G49,"") -> 11
B151: =ALL!C1 -> JAN | C151: =ALL!D1 -> FEB | D151: =ALL!E1 -> MAR | E151: =ALL!F1 -> APR | F151: =ALL!G1 -> MAY | G151: =ALL!H1 -> JUN | H151: =ALL!I1 -> JUL | I151: =ALL!J1 -> AUG | ... P151: =ALL!Q1 -> MAR'27
A152: =ALL!B6 -> % Plan | B152: =ALL!C6 -> 0.8826 | C152: =ALL!D6 -> 0.9362 | D152: =ALL!E6 -> 0.9559 | E152: =ALL!F6 -> 0.9479 | F152: =ALL!G6 -> 0.9792 | G152: =ALL!H6 -> 0.9583 | H152: =ALL!I6 -> 0.9591 | ... P152: =ALL!Q6 -> 0.7002
A153: =ALL!B7 -> Available FTE | B153: =ALL!C7 -> 17 | C153: =ALL!D7 -> 10 | D153: =ALL!E7 -> 7 | E153: =ALL!F7 -> 8 | F153: =ALL!G7 -> 3 | G153: =ALL!H7 -> 6 | H153: =ALL!I7 -> 6 | ... P153: =ALL!Q7 -> 45

Sheet CPS
B1: Type | C1: JAN | D1: FEB | E1: MAR | F1: APR | G1: MAY | H1: JUN | I1: JUL | J1: AUG | K1: SEP | L1: OCT | M1: NOV | N1: DEC | O1: JAN'27 | P1: FEB'27 | Q1: MAR'27
A2: CPS | B2: Staff | C2: 18 | D2: 18 | E2: 18 | F2: 17 | G2: 17 | H2: 17 | I2: 17 | J2: 17 | K2: 17 | L2: 17 | M2: 17 | N2: 17 | O2: 17 | P2: 17 | Q2: 17
A3: CPS | B3: Staff AVG | C3: 17 | D3: 17 | E3: 17 | F3: 17 | G3: 17 | H3: 17 | I3: 17 | J3: 17 | K3: 17 | L3: 17 | M3: 17 | N3: 17 | O3: 17 | P3: 17 | Q3: 17
A4: CPS | B4: Plan | C4: 17 | D4: 17 | E4: 17 | F4: 17 | G4: 18 | H4: 17 | I4: 16 | J4: 16 | K4: 16 | L4: 16 | M4: 16 | N4: 16 | O4: 14 | P4: 14 | Q4: 14
B6: % Plan | C6: 0.9361 | D6: 0.9417 | E6: 0.925 | F6: 1.0235 | G6: 1.0294 | H6: 1.0235 | I6: 0.9529 | J6: 0.9412 | K6: 0.9412 | L6: 0.9353 | M6: 0.9235 | N6: 0.9235 | O6: 0.8353 | P6: 0.8353 | Q6: 0.8353
B7: Available FTE | C7: 1 | D7: 1 | E7: 1 | F7: 0 | G7: 0 | H7: 0 | I7: 1 | J7: 1 | K7: 1 | L7: 1 | M7: 1 | N7: 1 | O7: 3 | P7: 3 | Q7: 3
A9: Staff | B9: PAYROLL | C9: 18 | D9: 18 | E9: 18 | F9: 17 | G9: 17 | H9: 17 | I9: 17 | J9: 17 | K9: 17 | L9: 17 | M9: 17 | N9: 17 | O9: 17 | P9: 17 | Q9: 17
A10: Staff AVG | B10: PAYROLL | C10: 17 | D10: 17 | E10: 17 | F10: 17 | G10: 17 | H10: 17 | I10: 17 | J10: 17 | K10: 17 | L10: 17 | M10: 17 | N10: 17 | O10: 17 | P10: 17 | Q10: 17
A11: Plan | B11: PAYROLL | C11: 17 | D11: 17 | E11: 17 | F11: 17 | G11: 18 | H11: 17 | I11: 16 | J11: 16 | K11: 16 | L11: 16 | M11: 16 | N11: 16 | O11: 14 | P11: 14 | Q11: 14
A13: Grand Total | B13: CONTRACTOR | C13: 0 | D13: 0 | E13: 0 | F13: 0 | G13: 0 | H13: 0 | I13: 0 | J13: 0 | K13: 0 | L13: 0 | M13: 0 | N13: 0 | O13: 0 | P13: 0 | Q13: 0
A14: Staff AVG | B14: CONTRACTOR | C14: 0 | D14: 0 | E14: 0 | F14: 0 | G14: 0 | H14: 0 | I14: 0 | J14: 0 | K14: 0 | L14: 0 | M14: 0 | N14: 0 | O14: 0 | P14: 0 | Q14: 0
A15: 0 | B15: CONTRACTOR | C15: 0 | D15: 0 | E15: 0 | F15: 0 | G15: 0 | H15: 0 | I15: 0 | J15: 0 | K15: 0 | L15: 0 | M15: 0 | N15: 0 | O15: 0 | P15: 0 | Q15: 0
A17: Grand Total | B17: OUTSOURCE | C17: 0 | D17: 0 | E17: 0 | F17: 0 | G17: 0 | H17: 0 | I17: 0 | J17: 0 | K17: 0 | L17: 0 | M17: 0 | N17: 0 | O17: 0 | P17: 0 | Q17: 0
A18: Staff AVG | B18: OUTSOURCE | C18: 0 | D18: 0 | E18: 0 | F18: 0 | G18: 0 | H18: 0 | I18: 0 | J18: 0 | K18: 0 | L18: 0 | M18: 0 | N18: 0 | O18: 0 | P18: 0 | Q18: 0
A19: 0 | B19: OUTSOURCE | C19: 0 | D19: 0 | E19: 0 | F19: 0 | G19: 0 | H19: 0 | I19: 0 | J19: 0 | K19: 0 | L19: 0 | M19: 0 | N19: 0 | O19: 0 | P19: 0 | Q19: 0
B31: Type | C31: Q1 | D31: Q2 | E31: Q3 | F31: Q4 | G31: Q1'27
A32: CPS | B32: Staff | C32: 18 | D32: 17 | E32: 17 | F32: 17 | G32: 17
A33: CPS | B33: Staff AVG | C33: 17 | D33: 17 | E33: 17 | F33: 17 | G33: 17
A34: CPS | B34: Plan | C34: 17 | D34: 17 | E34: 16 | F34: 16 | G34: 15
C35: 0.0657 | D35: -0.0255 | E35: 0.0549 | F35: 0.0725 | G35: 0.1059
B36: % Plan | C36: 0.9343 | D36: 1.0255 | E36: 0.9451 | F36: 0.9275 | G36: 0.8941
B37: Available FTE | C37: 1 | D37: 0 | E37: 1 | F37: 1 | G37: 2
A39: Staff | B39: PAYROLL | C39: 18 | D39: 17 | E39: 17 | F39: 17 | G39: 17
A40: Staff AVG | B40: PAYROLL | C40: 17 | D40: 17 | E40: 17 | F40: 17 | G40: 17
A41: Plan | B41: PAYROLL | C41: 17 | D41: 17 | E41: 16 | F41: 16 | G41: 15
A43: Grand Total | B43: CONTRACTOR | C43: 0 | D43: 0 | E43: 0 | F43: 0 | G43: 0
A44: Staff AVG | B44: CONTRACTOR | C44: 0 | D44: 0 | E44: 0 | F44: 0 | G44: 0
A45: 0 | B45: CONTRACTOR | C45: 0 | D45: 0 | E45: 0 | F45: 0 | G45: 0
A47: Grand Total | B47: OUTSOURCE | C47: 0 | D47: 0 | E47: 0 | F47: 0 | G47: 0
A48: Staff AVG | B48: OUTSOURCE | C48: 0 | D48: 0 | E48: 0 | F48: 0 | G48: 0
A49: 0 | B49: OUTSOURCE | C49: 0 | D49: 0 | E49: 0 | F49: 0 | G49: 0
A61: Section | C61: JAN | D61: FEB | E61: MAR | F61: APR | G61: MAY | H61: JUN | I61: JUL | J61: AUG | K61: SEP | L61: OCT | M61: NOV | N61: DEC | O61: JAN'27 | P61: FEB'27 | Q61: MAR'27
B62: Staff | C62: 18 | D62: 18 | E62: 18 | F62: 17 | G62: 17 | H62: 17 | I62: 17 | J62: 17 | K62: 17 | L62: 17 | M62: 17 | N62: 17 | O62: 17 | P62: 17 | Q62: 17
B63: Plan | C63: 16.85 | D63: 16.95 | E63: 16.65 | F63: 17.4 | G63: 17.5 | H63: 17.4 | I63: 16.2 | J63: 16 | K63: 16 | L63: 15.9 | M63: 15.7 | N63: 15.7 | O63: 14.2 | P63: 14.2 | Q63: 14.2
A64: Commercial Products & Solutions | B64: Staff | C64: 1 | D64: 1 | E64: 1 | F64: 1 | G64: 1 | H64: 1 | I64: 1 | J64: 1 | K64: 1 | L64: 1 | M64: 1 | N64: 1 | O64: 1 | P64: 1 | Q64: 1
A65: Commercial Products & Solutions | B65: Plan | C65: 1 | D65: 1 | E65: 1 | F65: 1 | G65: 1 | H65: 1 | I65: 1 | J65: 1 | K65: 1 | L65: 1 | M65: 1 | N65: 1 | O65: 1 | P65: 1 | Q65: 1
A66: Business Development & Partnerships | B66: Staff | C66: 12 | D66: 12 | E66: 12 | F66: 11 | G66: 11 | H66: 11 | I66: 11 | J66: 11 | K66: 11 | L66: 11 | M66: 11 | N66: 11 | O66: 11 | P66: 11 | Q66: 11
A67: Business Development & Partnerships | B67: Plan | C67: 11.25 | D67: 11.35 | E67: 11.05 | F67: 11.4 | G67: 11.5 | H67: 11.4 | I67: 10.2 | J67: 10 | K67: 10 | L67: 9.9 | M67: 9.7 | N67: 9.7 | O67: 8.2 | P67: 8.2 | Q67: 8.2
A68: Product Commercialization | B68: Staff | C68: 5 | D68: 5 | E68: 5 | F68: 5 | G68: 5 | H68: 5 | I68: 5 | J68: 5 | K68: 5 | L68: 5 | M68: 5 | N68: 5 | O68: 5 | P68: 5 | Q68: 5
A69: Product Commercialization | B69: Plan | C69: 4.6 | D69: 4.6 | E69: 4.6 | F69: 5 | G69: 5 | H69: 5 | I69: 5 | J69: 5 | K69: 5 | L69: 5 | M69: 5 | N69: 5 | O69: 5 | P69: 5 | Q69: 5

Sheet GraphCPS
B1: =IF(CPS!C1>0,CPS!C1,"") -> JAN | C1: =IF(CPS!D1>0,CPS!D1,"") -> FEB | D1: =IF(CPS!E1>0,CPS!E1,"") -> MAR | E1: =IF(CPS!F1>0,CPS!F1,"") -> APR | F1: =IF(CPS!G1>0,CPS!G1,"") -> MAY | G1: =IF(CPS!H1>0,CPS!H1,"") -> JUN | H1: =IF(CPS!I1>0,CPS!I1,"") -> JUL | I1: =IF(CPS!J1>0,CPS!J1,"") -> AUG | ... P1: =IF(CPS!Q1>0,CPS!Q1,"") -> MAR'27
A2: =IF(CPS!B2>0,CPS!B2,"") -> Staff | B2: =IF(CPS!C2>0,CPS!C2,"") -> 18 | C2: =IF(CPS!D2>0,CPS!D2,"") -> 18 | D2: =IF(CPS!E2>0,CPS!E2,"") -> 18 | E2: =IF(CPS!F2>0,CPS!F2,"") -> 17 | F2: =IF(CPS!G2>0,CPS!G2,"") -> 17 | G2: =IF(CPS!H2>0,CPS!H2,"") -> 17 | H2: =IF(CPS!I2>0,CPS!I2,"") -> 17 | ... P2: =IF(CPS!Q2>0,CPS!Q2,"") -> 17
A3: =IF(CPS!B3>0,CPS!B3,"") -> Staff AVG | B3: =IF(CPS!C3>0,CPS!C3,"") -> 17 | C3: =IF(CPS!D3>0,CPS!D3,"") -> 17 | D3: =IF(CPS!E3>0,CPS!E3,"") -> 17 | E3: =IF(CPS!F3>0,CPS!F3,"") -> 17 | F3: =IF(CPS!G3>0,CPS!G3,"") -> 17 | G3: =IF(CPS!H3>0,CPS!H3,"") -> 17 | H3: =IF(CPS!I3>0,CPS!I3,"") -> 17 | ... P3: =IF(CPS!Q3>0,CPS!Q3,"") -> 17
A4: =IF(CPS!B4>0,CPS!B4,"") -> Plan | B4: =IF(CPS!C4>0,CPS!C4,"") -> 17 | C4: =IF(CPS!D4>0,CPS!D4,"") -> 17 | D4: =IF(CPS!E4>0,CPS!E4,"") -> 17 | E4: =IF(CPS!F4>0,CPS!F4,"") -> 17 | F4: =IF(CPS!G4>0,CPS!G4,"") -> 18 | G4: =IF(CPS!H4>0,CPS!H4,"") -> 17 | H4: =IF(CPS!I4>0,CPS!I4,"") -> 16 | ... P4: =IF(CPS!Q4>0,CPS!Q4,"") -> 14
A5: =IF(CPS!B11>0,CPS!B11,"") -> PAYROLL | B5: =IF(CPS!C11>0,CPS!C11,"") -> 17 | C5: =IF(CPS!D11>0,CPS!D11,"") -> 17 | D5: =IF(CPS!E11>0,CPS!E11,"") -> 17 | E5: =IF(CPS!F11>0,CPS!F11,"") -> 17 | F5: =IF(CPS!G11>0,CPS!G11,"") -> 18 | G5: =IF(CPS!H11>0,CPS!H11,"") -> 17 | H5: =IF(CPS!I11>0,CPS!I11,"") -> 16 | ... P5: =IF(CPS!Q11>0,CPS!Q11,"") -> 14
A6: =IF(CPS!B15>0,CPS!B15,"") -> CONTRACTOR | B6: =IF(CPS!C15>0,CPS!C15,"") | C6: =IF(CPS!D15>0,CPS!D15,"") | D6: =IF(CPS!E15>0,CPS!E15,"") | E6: =IF(CPS!F15>0,CPS!F15,"") | F6: =IF(CPS!G15>0,CPS!G15,"") | G6: =IF(CPS!H15>0,CPS!H15,"") | H6: =IF(CPS!I15>0,CPS!I15,"") | ... P6: =IF(CPS!Q15>0,CPS!Q15,"")
A7: =IF(CPS!B19>0,CPS!B19,"") -> OUTSOURCE | B7: =IF(CPS!C19>0,CPS!C19,"") | C7: =IF(CPS!D19>0,CPS!D19,"") | D7: =IF(CPS!E19>0,CPS!E19,"") | E7: =IF(CPS!F19>0,CPS!F19,"") | F7: =IF(CPS!G19>0,CPS!G19,"") | G7: =IF(CPS!H19>0,CPS!H19,"") | H7: =IF(CPS!I19>0,CPS!I19,"") | ... P7: =IF(CPS!Q19>0,CPS!Q19,"")
B11: =IF(CPS!C1>0,CPS!C1,"") -> JAN | C11: =IF(CPS!D1>0,CPS!D1,"") -> FEB | D11: =IF(CPS!E1>0,CPS!E1,"") -> MAR | E11: =IF(CPS!F1>0,CPS!F1,"") -> APR | F11: =IF(CPS!G1>0,CPS!G1,"") -> MAY | G11: =IF(CPS!H1>0,CPS!H1,"") -> JUN | H11: =IF(CPS!I1>0,CPS!I1,"") -> JUL | I11: =IF(CPS!J1>0,CPS!J1,"") -> AUG | ... P11: =IF(CPS!Q1>0,CPS!Q1,"") -> MAR'27
A12: =IF(CPS!B2>0,CPS!B2,"") -> Staff | B12: =IF(CPS!C9>0,CPS!C9,"") -> 18 | C12: =IF(CPS!D9>0,CPS!D9,"") -> 18 | D12: =IF(CPS!E9>0,CPS!E9,"") -> 18 | E12: =IF(CPS!F9>0,CPS!F9,"") -> 17 | F12: =IF(CPS!G9>0,CPS!G9,"") -> 17 | G12: =IF(CPS!H9>0,CPS!H9,"") -> 17 | H12: =IF(CPS!I9>0,CPS!I9,"") -> 17 | I12: =IF(CPS!J9>0,CPS!J9,"") -> 17 | ... P12: =IF(CPS!Q9>0,CPS!Q9,"") -> 17
A13: =IF(CPS!B3>0,CPS!B3,"") -> Staff AVG | B13: =IF(CPS!C10>0,CPS!C10,"") -> 17 | C13: =IF(CPS!D10>0,CPS!D10,"") -> 17 | D13: =IF(CPS!E10>0,CPS!E10,"") -> 17 | E13: =IF(CPS!F10>0,CPS!F10,"") -> 17 | F13: =IF(CPS!G10>0,CPS!G10,"") -> 17 | G13: =IF(CPS!H10>0,CPS!H10,"") -> 17 | H13: =IF(CPS!I10>0,CPS!I10,"") -> 17 | I13: =IF(CPS!J10>0,CPS!J10,"") -> 17 | ... P13: =IF(CPS!Q10>0,CPS!Q10,"") -> 17
A14: =IF(CPS!B4>0,CPS!B4,"") -> Plan | B14: =IF(CPS!C11>0,CPS!C11,"") -> 17 | C14: =IF(CPS!D11>0,CPS!D11,"") -> 17 | D14: =IF(CPS!E11>0,CPS!E11,"") -> 17 | E14: =IF(CPS!F11>0,CPS!F11,"") -> 17 | F14: =IF(CPS!G11>0,CPS!G11,"") -> 18 | G14: =IF(CPS!H11>0,CPS!H11,"") -> 17 | H14: =IF(CPS!I11>0,CPS!I11,"") -> 16 | I14: =IF(CPS!J11>0,CPS!J11,"") -> 16 | ... P14: =IF(CPS!Q11>0,CPS!Q11,"") -> 14
B21: =IF(CPS!C1>0,CPS!C1,"") -> JAN | C21: =IF(CPS!D1>0,CPS!D1,"") -> FEB | D21: =IF(CPS!E1>0,CPS!E1,"") -> MAR | E21: =IF(CPS!F1>0,CPS!F1,"") -> APR | F21: =IF(CPS!G1>0,CPS!G1,"") -> MAY | G21: =IF(CPS!H1>0,CPS!H1,"") -> JUN | H21: =IF(CPS!I1>0,CPS!I1,"") -> JUL | I21: =IF(CPS!J1>0,CPS!J1,"") -> AUG | ... P21: =IF(CPS!Q1>0,CPS!Q1,"") -> MAR'27
A22: =CPS!B2 -> Staff | B22: =CPS!C13 -> 0 | C22: =CPS!D13 -> 0 | D22: =CPS!E13 -> 0 | E22: =CPS!F13 -> 0 | F22: =CPS!G13 -> 0 | G22: =CPS!H13 -> 0 | H22: =CPS!I13 -> 0 | I22: =CPS!J13 -> 0 | ... P22: =CPS!Q13 -> 0
A23: =CPS!B3 -> Staff AVG | B23: =CPS!C14 -> 0 | C23: =CPS!D14 -> 0 | D23: =CPS!E14 -> 0 | E23: =CPS!F14 -> 0 | F23: =CPS!G14 -> 0 | G23: =CPS!H14 -> 0 | H23: =CPS!I14 -> 0 | I23: =CPS!J14 -> 0 | ... P23: =CPS!Q14 -> 0
A24: =CPS!B4 -> Plan | B24: =CPS!C15 -> 0 | C24: =CPS!D15 -> 0 | D24: =CPS!E15 -> 0 | E24: =CPS!F15 -> 0 | F24: =CPS!G15 -> 0 | G24: =CPS!H15 -> 0 | H24: =CPS!I15 -> 0 | I24: =CPS!J15 -> 0 | ... P24: =CPS!Q15 -> 0
B31: =IF(CPS!C1>0,CPS!C1,"") -> JAN | C31: =IF(CPS!D1>0,CPS!D1,"") -> FEB | D31: =IF(CPS!E1>0,CPS!E1,"") -> MAR | E31: =IF(CPS!F1>0,CPS!F1,"") -> APR | F31: =IF(CPS!G1>0,CPS!G1,"") -> MAY | G31: =IF(CPS!H1>0,CPS!H1,"") -> JUN | H31: =IF(CPS!I1>0,CPS!I1,"") -> JUL | I31: =IF(CPS!J1>0,CPS!J1,"") -> AUG | ... P31: =IF(CPS!Q1>0,CPS!Q1,"") -> MAR'27
A32: =IF(CPS!B2>0,CPS!B2,"") -> Staff | B32: =CPS!C17 -> 0 | C32: =CPS!D17 -> 0 | D32: =CPS!E17 -> 0 | E32: =CPS!F17 -> 0 | F32: =CPS!G17 -> 0 | G32: =CPS!H17 -> 0 | H32: =CPS!I17 -> 0 | I32: =CPS!J17 -> 0 | ... P32: =CPS!Q17 -> 0
A33: =IF(CPS!B3>0,CPS!B3,"") -> Staff AVG | B33: =CPS!C18 -> 0 | C33: =CPS!D18 -> 0 | D33: =CPS!E18 -> 0 | E33: =CPS!F18 -> 0 | F33: =CPS!G18 -> 0 | G33: =CPS!H18 -> 0 | H33: =CPS!I18 -> 0 | I33: =CPS!J18 -> 0 | ... P33: =CPS!Q18 -> 0
A34: =IF(CPS!B4>0,CPS!B4,"") -> Plan | B34: =CPS!C19 -> 0 | C34: =CPS!D19 -> 0 | D34: =CPS!E19 -> 0 | E34: =CPS!F19 -> 0 | F34: =CPS!G19 -> 0 | G34: =CPS!H19 -> 0 | H34: =CPS!I19 -> 0 | I34: =CPS!J19 -> 0 | ... P34: =CPS!Q19 -> 0
B41: =IF(CPS!C31>0,CPS!C31,"") -> Q1 | C41: =IF(CPS!D31>0,CPS!D31,"") -> Q2 | D41: =IF(CPS!E31>0,CPS!E31,"") -> Q3 | E41: =IF(CPS!F31>0,CPS!F31,"") -> Q4 | F41: =IF(CPS!G31>0,CPS!G31,"") -> Q1'27
A42: =IF(CPS!B32>0,CPS!B32,"") -> Staff | B42: =IF(CPS!C32>0,CPS!C32,"") -> 18 | C42: =IF(CPS!D32>0,CPS!D32,"") -> 17 | D42: =IF(CPS!E32>0,CPS!E32,"") -> 17 | E42: =IF(CPS!F32>0,CPS!F32,"") -> 17 | F42: =IF(CPS!G32>0,CPS!G32,"") -> 17
A43: =IF(CPS!B33>0,CPS!B33,"") -> Staff AVG | B43: =IF(CPS!C33>0,CPS!C33,"") -> 17 | C43: =IF(CPS!D33>0,CPS!D33,"") -> 17 | D43: =IF(CPS!E33>0,CPS!E33,"") -> 17 | E43: =IF(CPS!F33>0,CPS!F33,"") -> 17 | F43: =IF(CPS!G33>0,CPS!G33,"") -> 17
A44: =IF(CPS!B34>0,CPS!B34,"") -> Plan | B44: =IF(CPS!C34>0,CPS!C34,"") -> 17 | C44: =IF(CPS!D34>0,CPS!D34,"") -> 17 | D44: =IF(CPS!E34>0,CPS!E34,"") -> 16 | E44: =IF(CPS!F34>0,CPS!F34,"") -> 16 | F44: =IF(CPS!G34>0,CPS!G34,"") -> 15
A45: =IF(CPS!B41>0,CPS!B41,"") -> PAYROLL | B45: =IF(CPS!C41>0,CPS!C41,"") -> 17 | C45: =IF(CPS!D41>0,CPS!D41,"") -> 17 | D45: =IF(CPS!E41>0,CPS!E41,"") -> 16 | E45: =IF(CPS!F41>0,CPS!F41,"") -> 16 | F45: =IF(CPS!G41>0,CPS!G41,"") -> 15
A46: =IF(CPS!B45>0,CPS!B45,"") -> CONTRACTOR | B46: =IF(CPS!C45>0,CPS!C45,"") | C46: =IF(CPS!D45>0,CPS!D45,"") | D46: =IF(CPS!E45>0,CPS!E45,"") | E46: =IF(CPS!F45>0,CPS!F45,"") | F46: =IF(CPS!G45>0,CPS!G45,"")
A47: =IF(CPS!B49>0,CPS!B49,"") -> OUTSOURCE | B47: =IF(CPS!C49>0,CPS!C49,"") | C47: =IF(CPS!D49>0,CPS!D49,"") | D47: =IF(CPS!E49>0,CPS!E49,"") | E47: =IF(CPS!F49>0,CPS!F49,"") | F47: =IF(CPS!G49>0,CPS!G49,"")
A51: =CPS!A66 -> Business Development & Partnerships | B51: =CPS!C61 -> JAN | C51: =CPS!D61 -> FEB | D51: =CPS!E61 -> MAR | E51: =CPS!F61 -> APR | F51: =CPS!G61 -> MAY | G51: =CPS!H61 -> JUN | H51: =CPS!I61 -> JUL | I51: =CPS!J61 -> AUG | ... P51: =CPS!Q61 -> MAR'27
A52: =CPS!B66 -> Staff | B52: =CPS!C66 -> 12 | C52: =CPS!D66 -> 12 | D52: =CPS!E66 -> 12 | E52: =CPS!F66 -> 11 | F52: =CPS!G66 -> 11 | G52: =CPS!H66 -> 11 | H52: =CPS!I66 -> 11 | ... P52: =CPS!Q66 -> 11
A53: =CPS!B67 -> Plan | B53: =CPS!C67 -> 11.25 | C53: =CPS!D67 -> 11.35 | D53: =CPS!E67 -> 11.05 | E53: =CPS!F67 -> 11.4 | F53: =CPS!G67 -> 11.5 | G53: =CPS!H67 -> 11.4 | H53: =CPS!I67 -> 10.2 | ... P53: =CPS!Q67 -> 8.2
A61: =CPS!A68 -> Product Commercialization | B61: =CPS!C61 -> JAN | C61: =CPS!D61 -> FEB | D61: =CPS!E61 -> MAR | E61: =CPS!F61 -> APR | F61: =CPS!G61 -> MAY | G61: =CPS!H61 -> JUN | H61: =CPS!I61 -> JUL | I61: =CPS!J61 -> AUG | ... P61: =CPS!Q61 -> MAR'27
A62: =CPS!B68 -> Staff | B62: =CPS!C68 -> 5 | C62: =CPS!D68 -> 5 | D62: =CPS!E68 -> 5 | E62: =CPS!F68 -> 5 | F62: =CPS!G68 -> 5 | G62: =CPS!H68 -> 5 | H62: =CPS!I68 -> 5 | ... P62: =CPS!Q68 -> 5
A63: =CPS!B69 -> Plan | B63: =CPS!C69 -> 4.6 | C63: =CPS!D69 -> 4.6 | D63: =CPS!E69 -> 4.6 | E63: =CPS!F69 -> 5 | F63: =CPS!G69 -> 5 | G63: =CPS!H69 -> 5 | H63: =CPS!I69 -> 5 | ... P63: =CPS!Q69 -> 5
B151: =CPS!C1 -> JAN | C151: =CPS!D1 -> FEB | D151: =CPS!E1 -> MAR | E151: =CPS!F1 -> APR | F151: =CPS!G1 -> MAY | G151: =CPS!H1 -> JUN | H151: =CPS!I1 -> JUL | I151: =CPS!J1 -> AUG | ... P151: =CPS!Q1 -> MAR'27
A152: =CPS!B6 -> % Plan | B152: =CPS!C6 -> 0.9361 | C152: =CPS!D6 -> 0.9417 | D152: =CPS!E6 -> 0.925 | E152: =CPS!F6 -> 1.0235 | F152: =CPS!G6 -> 1.0294 | G152: =CPS!H6 -> 1.0235 | H152: =CPS!I6 -> 0.9529 | ... P152: =CPS!Q6 -> 0.8353
A153: =CPS!B7 -> Available FTE | B153: =CPS!C7 -> 1 | C153: =CPS!D7 -> 1 | D153: =CPS!E7 -> 1 | E153: =CPS!F7 -> 0 | F153: =CPS!G7 -> 0 | G153: =CPS!H7 -> 0 | H153: =CPS!I7 -> 1 | ... P153: =CPS!Q7 -> 3

Sheet PSE
B1: Type | C1: JAN | D1: FEB | E1: MAR | F1: APR | G1: MAY | H1: JUN | I1: JUL | J1: AUG | K1: SEP | L1: OCT | M1: NOV | N1: DEC | O1: JAN'27 | P1: FEB'27 | Q1: MAR'27
A2: PSE | B2: Staff | C2: 45 | D2: 45 | E2: 45 | F2: 48 | G2: 48 | H2: 48 | I2: 48 | J2: 48 | K2: 48 | L2: 48 | M2: 48 | N2: 48 | O2: 48 | P2: 48 | Q2: 48
A3: PSE | B3: Staff AVG | C3: 47 | D3: 47 | E3: 47 | F3: 47 | G3: 47 | H3: 47 | I3: 47 | J3: 47 | K3: 47 | L3: 47 | M3: 47 | N3: 47 | O3: 47 | P3: 47 | Q3: 47
A4: PSE | B4: Plan | C4: 40 | D4: 42 | E4: 44 | F4: 45 | G4: 47 | H4: 44 | I4: 45 | J4: 45 | K4: 45 | L4: 42 | M4: 41 | N4: 41 | O4: 32 | P4: 32 | Q4: 32
B6: % Plan | C6: 0.8978 | D6: 0.9413 | E6: 0.9882 | F6: 0.9465 | G6: 0.9746 | H6: 0.9148 | I6: 0.9398 | J6: 0.9283 | K6: 0.9388 | L6: 0.8685 | M6: 0.8542 | N6: 0.8542 | O6: 0.6594 | P6: 0.6594 | Q6: 0.6594
B7: Available FTE | C7: 5 | D7: 3 | E7: 1 | F7: 3 | G7: 1 | H7: 4 | I7: 3 | J7: 3 | K7: 3 | L7: 6 | M7: 7 | N7: 7 | O7: 16 | P7: 16 | Q7: 16
A9: Staff | B9: PAYROLL | C9: 28 | D9: 28 | E9: 27 | F9: 28 | G9: 28 | H9: 28 | I9: 28 | J9: 28 | K9: 28 | L9: 28 | M9: 28 | N9: 28 | O9: 28 | P9: 28 | Q9: 28
A10: Staff AVG | B10: PAYROLL | C10: 28 | D10: 28 | E10: 28 | F10: 28 | G10: 28 | H10: 28 | I10: 28 | J10: 28 | K10: 28 | L10: 28 | M10: 28 | N10: 28 | O10: 28 | P10: 28 | Q10: 28
A11: Plan | B11: PAYROLL | C11: 24 | D11: 26 | E11: 26 | F11: 27 | G11: 27 | H11: 25 | I11: 27 | J11: 26 | K11: 26 | L11: 25 | M11: 24 | N11: 24 | O11: 19 | P11: 19 | Q11: 19
A13: Staff | B13: CONTRACTOR | C13: 17 | D13: 17 | E13: 17 | F13: 17 | G13: 17 | H13: 17 | I13: 17 | J13: 17 | K13: 17 | L13: 17 | M13: 17 | N13: 17 | O13: 17 | P13: 17 | Q13: 17
A14: Staff AVG | B14: CONTRACTOR | C14: 17 | D14: 17 | E14: 17 | F14: 17 | G14: 17 | H14: 17 | I14: 17 | J14: 17 | K14: 17 | L14: 17 | M14: 17 | N14: 17 | O14: 17 | P14: 17 | Q14: 17
A15: Plan | B15: CONTRACTOR | C15: 16 | D15: 16 | E15: 18 | F15: 17 | G15: 17 | H15: 16 | I15: 16 | J15: 16 | K15: 16 | L15: 15 | M15: 15 | N15: 15 | O15: 13 | P15: 13 | Q15: 13
A17: Staff | B17: OUTSOURCE | C17: 0 | D17: 0 | E17: 1 | F17: 3 | G17: 3 | H17: 3 | I17: 3 | J17: 3 | K17: 3 | L17: 3 | M17: 3 | N17: 3 | O17: 3 | P17: 3 | Q17: 3
A18: Staff AVG | B18: OUTSOURCE | C18: 2 | D18: 2 | E18: 2 | F18: 2 | G18: 2 | H18: 2 | I18: 2 | J18: 2 | K18: 2 | L18: 2 | M18: 2 | N18: 2 | O18: 2 | P18: 2 | Q18: 2
A19: Plan | B19: OUTSOURCE | C19: 0 | D19: 0 | E19: 0 | F19: 1 | G19: 3 | H19: 3 | I19: 3 | J19: 3 | K19: 3 | L19: 2 | M19: 2 | N19: 2 | O19: 0 | P19: 0 | Q19: 0
B31: Type | C31: Q1 | D31: Q2 | E31: Q3 | F31: Q4 | G31: Q1'27
A32: PSE | B32: Staff | C32: 45 | D32: 48 | E32: 48 | F32: 48 | G32: 48
A33: PSE | B33: Staff AVG | C33: 47 | D33: 48 | E33: 48 | F33: 48 | G33: 48
A34: PSE | B34: Plan | C34: 42 | D34: 45 | E34: 45 | F34: 41 | G34: 38
C35: 0.0576 | D35: 0.0547 | E35: 0.0644 | F35: 0.141 | G35: 0.2108
B36: % Plan | C36: 0.9424 | D36: 0.9453 | E36: 0.9356 | F36: 0.859 | G36: 0.7892
B37: Available FTE | C37: 3 | D37: 3 | E37: 3 | F37: 7 | G37: 10
A39: Staff | B39: PAYROLL | C39: 28 | D39: 28 | E39: 28 | F39: 28 | G39: 28
A40: Staff AVG | B40: PAYROLL | C40: 28 | D40: 28 | E40: 28 | F40: 28 | G40: 28
A41: Plan | B41: PAYROLL | C41: 26 | D41: 27 | E41: 26 | F41: 24 | G41: 22
A43: Staff | B43: CONTRACTOR | C43: 17 | D43: 17 | E43: 17 | F43: 17 | G43: 17
A44: Staff AVG | B44: CONTRACTOR | C44: 17 | D44: 17 | E44: 17 | F44: 17 | G44: 17
A45: Plan | B45: CONTRACTOR | C45: 17 | D45: 17 | E45: 16 | F45: 15 | G45: 14
A47: Staff | B47: OUTSOURCE | C47: 0 | D47: 3 | E47: 3 | F47: 3 | G47: 3
A48: Staff AVG | B48: OUTSOURCE | C48: 2 | D48: 2 | E48: 2 | F48: 2 | G48: 2
A49: Plan | B49: OUTSOURCE | C49: 0 | D49: 2 | E49: 3 | F49: 2 | G49: 1
A61: Section | C61: JAN | D61: FEB | E61: MAR | F61: APR | G61: MAY | H61: JUN | I61: JUL | J61: AUG | K61: SEP | L61: OCT | M61: NOV | N61: DEC | O61: JAN'27 | P61: FEB'27 | Q61: MAR'27
B62: Staff | C62: 45 | D62: 45 | E62: 45 | F62: 48 | G62: 48 | H62: 48 | I62: 48 | J62: 48 | K62: 48 | L62: 48 | M62: 48 | N62: 48 | O62: 48 | P62: 48 | Q62: 48
B63: Plan | C63: 40.4 | D63: 42.36 | E63: 44.47 | F63: 45.43 | G63: 46.78 | H63: 43.91 | I63: 45.11 | J63: 44.56 | K63: 45.06 | L63: 41.69 | M63: 41 | N63: 41 | O63: 31.65 | P63: 31.65 | Q63: 31.65
A64: Platform & Software Engineering | B64: Staff | C64: 1 | D64: 1 | E64: 1 | F64: 1 | G64: 1 | H64: 1 | I64: 1 | J64: 1 | K64: 1 | L64: 1 | M64: 1 | N64: 1 | O64: 1 | P64: 1 | Q64: 1
A65: Platform & Software Engineering | B65: Plan | C65: 1 | D65: 1 | E65: 1 | F65: 1 | G65: 1 | H65: 1 | I65: 1 | J65: 1 | K65: 1 | L65: 1 | M65: 1 | N65: 1 | O65: 1 | P65: 1 | Q65: 1
A66: Platform Engineering | B66: Staff | C66: 5 | D66: 5 | E66: 5 | F66: 6 | G66: 6 | H66: 6 | I66: 6 | J66: 6 | K66: 6 | L66: 6 | M66: 6 | N66: 6 | O66: 6 | P66: 6 | Q66: 6
A67: Platform Engineering | B67: Plan | C67: 5 | D67: 5 | E67: 5 | F67: 6 | G67: 6 | H67: 6 | I67: 6 | J67: 6 | K67: 6 | L67: 6 | M67: 6 | N67: 6 | O67: 6 | P67: 6 | Q67: 6
A68: Platform Engineering:TH | B68: Staff | C68: 4 | D68: 4 | E68: 4 | F68: 5 | G68: 5 | H68: 5 | I68: 5 | J68: 5 | K68: 5 | L68: 5 | M68: 5 | N68: 5 | O68: 5 | P68: 5 | Q68: 5
A69: Platform Engineering:TH | B69: Plan | C69: 4 | D69: 4 | E69: 4 | F69: 5 | G69: 5 | H69: 5 | I69: 5 | J69: 5 | K69: 5 | L69: 5 | M69: 5 | N69: 5 | O69: 5 | P69: 5 | Q69: 5
A70: Platform Engineering:CT | B70: Staff | C70: 1 | D70: 1 | E70: 1 | F70: 1 | G70: 1 | H70: 1 | I70: 1 | J70: 1 | K70: 1 | L70: 1 | M70: 1 | N70: 1 | O70: 1 | P70: 1 | Q70: 1
A71: Platform Engineering:CT | B71: Plan | C71: 1 | D71: 1 | E71: 1 | F71: 1 | G71: 1 | H71: 1 | I71: 1 | J71: 1 | K71: 1 | L71: 1 | M71: 1 | N71: 1 | O71: 1 | P71: 1 | Q71: 1
A72: Software Engineering | B72: Staff | C72: 39 | D72: 39 | E72: 39 | F72: 41 | G72: 41 | H72: 41 | I72: 41 | J72: 41 | K72: 41 | L72: 41 | M72: 41 | N72: 41 | O72: 41 | P72: 41 | Q72: 41
A73: Software Engineering | B73: Plan | C73: 34.4 | D73: 36.36 | E73: 38.47 | F73: 38.43 | G73: 39.78 | H73: 36.91 | I73: 38.11 | J73: 37.56 | K73: 38.06 | L73: 34.69 | M73: 34 | N73: 34 | O73: 24.65 | P73: 24.65 | Q73: 24.65
A74: Software Engineering:TH | B74: Staff | C74: 23 | D74: 23 | E74: 22 | F74: 22 | G74: 22 | H74: 22 | I74: 22 | J74: 22 | K74: 22 | L74: 22 | M74: 22 | N74: 22 | O74: 22 | P74: 22 | Q74: 22
A75: Software Engineering:TH | B75: Plan | C75: 19.4 | D75: 21.36 | E75: 21.47 | F75: 21.43 | G75: 21.28 | H75: 19.36 | I75: 20.51 | J75: 19.96 | K75: 19.96 | L75: 18.79 | M75: 18.1 | N75: 18.1 | O75: 13.15 | P75: 13.15 | Q75: 13.15
... A79: Software Engineering:OS | B79: Plan | C79: 0 | D79: 0 | E79: 0 | F79: 1 | G79: 2.5 | H79: 3 | I79: 3 | J79: 3 | K79: 3 | L79: 2 | M79: 2 | N79: 2 | O79: 0 | P79: 0 | Q79: 0

Sheet GraphPSE
B1: =IF(PSE!C1>0,PSE!C1,"") -> JAN | C1: =IF(PSE!D1>0,PSE!D1,"") -> FEB | D1: =IF(PSE!E1>0,PSE!E1,"") -> MAR | E1: =IF(PSE!F1>0,PSE!F1,"") -> APR | F1: =IF(PSE!G1>0,PSE!G1,"") -> MAY | G1: =IF(PSE!H1>0,PSE!H1,"") -> JUN | H1: =IF(PSE!I1>0,PSE!I1,"") -> JUL | I1: =IF(PSE!J1>0,PSE!J1,"") -> AUG | ... P1: =IF(PSE!Q1>0,PSE!Q1,"") -> MAR'27
A2: =IF(PSE!B2>0,PSE!B2,"") -> Staff | B2: =IF(PSE!C2>0,PSE!C2,"") -> 45 | C2: =IF(PSE!D2>0,PSE!D2,"") -> 45 | D2: =IF(PSE!E2>0,PSE!E2,"") -> 45 | E2: =IF(PSE!F2>0,PSE!F2,"") -> 48 | F2: =IF(PSE!G2>0,PSE!G2,"") -> 48 | G2: =IF(PSE!H2>0,PSE!H2,"") -> 48 | H2: =IF(PSE!I2>0,PSE!I2,"") -> 48 | ... P2: =IF(PSE!Q2>0,PSE!Q2,"") -> 48
A3: =IF(PSE!B3>0,PSE!B3,"") -> Staff AVG | B3: =IF(PSE!C3>0,PSE!C3,"") -> 47 | C3: =IF(PSE!D3>0,PSE!D3,"") -> 47 | D3: =IF(PSE!E3>0,PSE!E3,"") -> 47 | E3: =IF(PSE!F3>0,PSE!F3,"") -> 47 | F3: =IF(PSE!G3>0,PSE!G3,"") -> 47 | G3: =IF(PSE!H3>0,PSE!H3,"") -> 47 | H3: =IF(PSE!I3>0,PSE!I3,"") -> 47 | ... P3: =IF(PSE!Q3>0,PSE!Q3,"") -> 47
A4: =IF(PSE!B4>0,PSE!B4,"") -> Plan | B4: =IF(PSE!C4>0,PSE!C4,"") -> 40 | C4: =IF(PSE!D4>0,PSE!D4,"") -> 42 | D4: =IF(PSE!E4>0,PSE!E4,"") -> 44 | E4: =IF(PSE!F4>0,PSE!F4,"") -> 45 | F4: =IF(PSE!G4>0,PSE!G4,"") -> 47 | G4: =IF(PSE!H4>0,PSE!H4,"") -> 44 | H4: =IF(PSE!I4>0,PSE!I4,"") -> 45 | ... P4: =IF(PSE!Q4>0,PSE!Q4,"") -> 32
A5: =IF(PSE!B11>0,PSE!B11,"") -> PAYROLL | B5: =IF(PSE!C11>0,PSE!C11,"") -> 24 | C5: =IF(PSE!D11>0,PSE!D11,"") -> 26 | D5: =IF(PSE!E11>0,PSE!E11,"") -> 26 | E5: =IF(PSE!F11>0,PSE!F11,"") -> 27 | F5: =IF(PSE!G11>0,PSE!G11,"") -> 27 | G5: =IF(PSE!H11>0,PSE!H11,"") -> 25 | H5: =IF(PSE!I11>0,PSE!I11,"") -> 27 | ... P5: =IF(PSE!Q11>0,PSE!Q11,"") -> 19
A6: =IF(PSE!B15>0,PSE!B15,"") -> CONTRACTOR | B6: =IF(PSE!C15>0,PSE!C15,"") -> 16 | C6: =IF(PSE!D15>0,PSE!D15,"") -> 16 | D6: =IF(PSE!E15>0,PSE!E15,"") -> 18 | E6: =IF(PSE!F15>0,PSE!F15,"") -> 17 | F6: =IF(PSE!G15>0,PSE!G15,"") -> 17 | G6: =IF(PSE!H15>0,PSE!H15,"") -> 16 | H6: =IF(PSE!I15>0,PSE!I15,"") -> 16 | ... P6: =IF(PSE!Q15>0,PSE!Q15,"") -> 13
A7: =IF(PSE!B19>0,PSE!B19,"") -> OUTSOURCE | B7: =IF(PSE!C19>0,PSE!C19,"") | C7: =IF(PSE!D19>0,PSE!D19,"") | D7: =IF(PSE!E19>0,PSE!E19,"") | E7: =IF(PSE!F19>0,PSE!F19,"") -> 1 | F7: =IF(PSE!G19>0,PSE!G19,"") -> 3 | G7: =IF(PSE!H19>0,PSE!H19,"") -> 3 | H7: =IF(PSE!I19>0,PSE!I19,"") -> 3 | ... P7: =IF(PSE!Q19>0,PSE!Q19,"")
B11: =IF(PSE!C1>0,PSE!C1,"") -> JAN | C11: =IF(PSE!D1>0,PSE!D1,"") -> FEB | D11: =IF(PSE!E1>0,PSE!E1,"") -> MAR | E11: =IF(PSE!F1>0,PSE!F1,"") -> APR | F11: =IF(PSE!G1>0,PSE!G1,"") -> MAY | G11: =IF(PSE!H1>0,PSE!H1,"") -> JUN | H11: =IF(PSE!I1>0,PSE!I1,"") -> JUL | I11: =IF(PSE!J1>0,PSE!J1,"") -> AUG | ... P11: =IF(PSE!Q1>0,PSE!Q1,"") -> MAR'27
A12: =IF(PSE!B2>0,PSE!B2,"") -> Staff | B12: =IF(PSE!C9>0,PSE!C9,"") -> 28 | C12: =IF(PSE!D9>0,PSE!D9,"") -> 28 | D12: =IF(PSE!E9>0,PSE!E9,"") -> 27 | E12: =IF(PSE!F9>0,PSE!F9,"") -> 28 | F12: =IF(PSE!G9>0,PSE!G9,"") -> 28 | G12: =IF(PSE!H9>0,PSE!H9,"") -> 28 | H12: =IF(PSE!I9>0,PSE!I9,"") -> 28 | I12: =IF(PSE!J9>0,PSE!J9,"") -> 28 | ... P12: =IF(PSE!Q9>0,PSE!Q9,"") -> 28
A13: =IF(PSE!B3>0,PSE!B3,"") -> Staff AVG | B13: =IF(PSE!C10>0,PSE!C10,"") -> 28 | C13: =IF(PSE!D10>0,PSE!D10,"") -> 28 | D13: =IF(PSE!E10>0,PSE!E10,"") -> 28 | E13: =IF(PSE!F10>0,PSE!F10,"") -> 28 | F13: =IF(PSE!G10>0,PSE!G10,"") -> 28 | G13: =IF(PSE!H10>0,PSE!H10,"") -> 28 | H13: =IF(PSE!I10>0,PSE!I10,"") -> 28 | I13: =IF(PSE!J10>0,PSE!J10,"") -> 28 | ... P13: =IF(PSE!Q10>0,PSE!Q10,"") -> 28
A14: =IF(PSE!B4>0,PSE!B4,"") -> Plan | B14: =IF(PSE!C11>0,PSE!C11,"") -> 24 | C14: =IF(PSE!D11>0,PSE!D11,"") -> 26 | D14: =IF(PSE!E11>0,PSE!E11,"") -> 26 | E14: =IF(PSE!F11>0,PSE!F11,"") -> 27 | F14: =IF(PSE!G11>0,PSE!G11,"") -> 27 | G14: =IF(PSE!H11>0,PSE!H11,"") -> 25 | H14: =IF(PSE!I11>0,PSE!I11,"") -> 27 | I14: =IF(PSE!J11>0,PSE!J11,"") -> 26 | ... P14: =IF(PSE!Q11>0,PSE!Q11,"") -> 19
B21: =IF(PSE!C1>0,PSE!C1,"") -> JAN | C21: =IF(PSE!D1>0,PSE!D1,"") -> FEB | D21: =IF(PSE!E1>0,PSE!E1,"") -> MAR | E21: =IF(PSE!F1>0,PSE!F1,"") -> APR | F21: =IF(PSE!G1>0,PSE!G1,"") -> MAY | G21: =IF(PSE!H1>0,PSE!H1,"") -> JUN | H21: =IF(PSE!I1>0,PSE!I1,"") -> JUL | I21: =IF(PSE!J1>0,PSE!J1,"") -> AUG | ... P21: =IF(PSE!Q1>0,PSE!Q1,"") -> MAR'27
A22: =IF(PSE!B2>0,PSE!B2,"") -> Staff | B22: =PSE!C13 -> 17 | C22: =PSE!D13 -> 17 | D22: =PSE!E13 -> 17 | E22: =PSE!F13 -> 17 | F22: =PSE!G13 -> 17 | G22: =PSE!H13 -> 17 | H22: =PSE!I13 -> 17 | I22: =PSE!J13 -> 17 | ... P22: =PSE!Q13 -> 17
A23: =IF(PSE!B3>0,PSE!B3,"") -> Staff AVG | B23: =PSE!C14 -> 17 | C23: =PSE!D14 -> 17 | D23: =PSE!E14 -> 17 | E23: =PSE!F14 -> 17 | F23: =PSE!G14 -> 17 | G23: =PSE!H14 -> 17 | H23: =PSE!I14 -> 17 | I23: =PSE!J14 -> 17 | ... P23: =PSE!Q14 -> 17
A24: =IF(PSE!B4>0,PSE!B4,"") -> Plan | B24: =PSE!C15 -> 16 | C24: =PSE!D15 -> 16 | D24: =PSE!E15 -> 18 | E24: =PSE!F15 -> 17 | F24: =PSE!G15 -> 17 | G24: =PSE!H15 -> 16 | H24: =PSE!I15 -> 16 | I24: =PSE!J15 -> 16 | ... P24: =PSE!Q15 -> 13
B31: =IF(PSE!C1>0,PSE!C1,"") -> JAN | C31: =IF(PSE!D1>0,PSE!D1,"") -> FEB | D31: =IF(PSE!E1>0,PSE!E1,"") -> MAR | E31: =IF(PSE!F1>0,PSE!F1,"") -> APR | F31: =IF(PSE!G1>0,PSE!G1,"") -> MAY | G31: =IF(PSE!H1>0,PSE!H1,"") -> JUN | H31: =IF(PSE!I1>0,PSE!I1,"") -> JUL | I31: =IF(PSE!J1>0,PSE!J1,"") -> AUG | ... P31: =IF(PSE!Q1>0,PSE!Q1,"") -> MAR'27
A32: =IF(PSE!B2>0,PSE!B2,"") -> Staff | B32: =PSE!C17 -> 0 | C32: =PSE!D17 -> 0 | D32: =PSE!E17 -> 1 | E32: =PSE!F17 -> 3 | F32: =PSE!G17 -> 3 | G32: =PSE!H17 -> 3 | H32: =PSE!I17 -> 3 | I32: =PSE!J17 -> 3 | ... P32: =PSE!Q17 -> 3
A33: =IF(PSE!B3>0,PSE!B3,"") -> Staff AVG | B33: =PSE!C18 -> 2 | C33: =PSE!D18 -> 2 | D33: =PSE!E18 -> 2 | E33: =PSE!F18 -> 2 | F33: =PSE!G18 -> 2 | G33: =PSE!H18 -> 2 | H33: =PSE!I18 -> 2 | I33: =PSE!J18 -> 2 | ... P33: =PSE!Q18 -> 2
A34: =IF(PSE!B4>0,PSE!B4,"") -> Plan | B34: =PSE!C19 -> 0 | C34: =PSE!D19 -> 0 | D34: =PSE!E19 -> 0 | E34: =PSE!F19 -> 1 | F34: =PSE!G19 -> 3 | G34: =PSE!H19 -> 3 | H34: =PSE!I19 -> 3 | I34: =PSE!J19 -> 3 | ... P34: =PSE!Q19 -> 0
B41: =IF(PSE!C31>0,PSE!C31,"") -> Q1 | C41: =IF(PSE!D31>0,PSE!D31,"") -> Q2 | D41: =IF(PSE!E31>0,PSE!E31,"") -> Q3 | E41: =IF(PSE!F31>0,PSE!F31,"") -> Q4 | F41: =IF(PSE!G31>0,PSE!G31,"") -> Q1'27
A42: =IF(PSE!B32>0,PSE!B32,"") -> Staff | B42: =IF(PSE!C32>0,PSE!C32,"") -> 45 | C42: =IF(PSE!D32>0,PSE!D32,"") -> 48 | D42: =IF(PSE!E32>0,PSE!E32,"") -> 48 | E42: =IF(PSE!F32>0,PSE!F32,"") -> 48 | F42: =IF(PSE!G32>0,PSE!G32,"") -> 48
A43: =IF(PSE!B33>0,PSE!B33,"") -> Staff AVG | B43: =IF(PSE!C33>0,PSE!C33,"") -> 47 | C43: =IF(PSE!D33>0,PSE!D33,"") -> 48 | D43: =IF(PSE!E33>0,PSE!E33,"") -> 48 | E43: =IF(PSE!F33>0,PSE!F33,"") -> 48 | F43: =IF(PSE!G33>0,PSE!G33,"") -> 48
A44: =IF(PSE!B34>0,PSE!B34,"") -> Plan | B44: =IF(PSE!C34>0,PSE!C34,"") -> 42 | C44: =IF(PSE!D34>0,PSE!D34,"") -> 45 | D44: =IF(PSE!E34>0,PSE!E34,"") -> 45 | E44: =IF(PSE!F34>0,PSE!F34,"") -> 41 | F44: =IF(PSE!G34>0,PSE!G34,"") -> 38
A45: =IF(PSE!B41>0,PSE!B41,"") -> PAYROLL | B45: =IF(PSE!C41>0,PSE!C41,"") -> 26 | C45: =IF(PSE!D41>0,PSE!D41,"") -> 27 | D45: =IF(PSE!E41>0,PSE!E41,"") -> 26 | E45: =IF(PSE!F41>0,PSE!F41,"") -> 24 | F45: =IF(PSE!G41>0,PSE!G41,"") -> 22
A46: =IF(PSE!B45>0,PSE!B45,"") -> CONTRACTOR | B46: =IF(PSE!C45>0,PSE!C45,"") -> 17 | C46: =IF(PSE!D45>0,PSE!D45,"") -> 17 | D46: =IF(PSE!E45>0,PSE!E45,"") -> 16 | E46: =IF(PSE!F45>0,PSE!F45,"") -> 15 | F46: =IF(PSE!G45>0,PSE!G45,"") -> 14
A47: =IF(PSE!B49>0,PSE!B49,"") -> OUTSOURCE | B47: =IF(PSE!C49>0,PSE!C49,"") | C47: =IF(PSE!D49>0,PSE!D49,"") -> 2 | D47: =IF(PSE!E49>0,PSE!E49,"") -> 3 | E47: =IF(PSE!F49>0,PSE!F49,"") -> 2 | F47: =IF(PSE!G49>0,PSE!G49,"") -> 1
A51: =PSE!A66 -> Platform Engineering | B51: =PSE!C61 -> JAN | C51: =PSE!D61 -> FEB | D51: =PSE!E61 -> MAR | E51: =PSE!F61 -> APR | F51: =PSE!G61 -> MAY | G51: =PSE!H61 -> JUN | H51: =PSE!I61 -> JUL | I51: =PSE!J61 -> AUG | ... P51: =PSE!Q61 -> MAR'27
A52: =PSE!B66 -> Staff | B52: =PSE!C66 -> 5 | C52: =PSE!D66 -> 5 | D52: =PSE!E66 -> 5 | E52: =PSE!F66 -> 6 | F52: =PSE!G66 -> 6 | G52: =PSE!H66 -> 6 | H52: =PSE!I66 -> 6 | ... P52: =PSE!Q66 -> 6
A53: =PSE!B67 -> Plan | B53: =PSE!C67 -> 5 | C53: =PSE!D67 -> 5 | D53: =PSE!E67 -> 5 | E53: =PSE!F67 -> 6 | F53: =PSE!G67 -> 6 | G53: =PSE!H67 -> 6 | H53: =PSE!I67 -> 6 | ... P53: =PSE!Q67 -> 6
A61: =PSE!A72 -> Software Engineering | B61: =PSE!C61 -> JAN | C61: =PSE!D61 -> FEB | D61: =PSE!E61 -> MAR | E61: =PSE!F61 -> APR | F61: =PSE!G61 -> MAY | G61: =PSE!H61 -> JUN | H61: =PSE!I61 -> JUL | I61: =PSE!J61 -> AUG | ... P61: =PSE!Q61 -> MAR'27
A62: =PSE!B72 -> Staff | B62: =PSE!C72 -> 39 | C62: =PSE!D72 -> 39 | D62: =PSE!E72 -> 39 | E62: =PSE!F72 -> 41 | F62: =PSE!G72 -> 41 | G62: =PSE!H72 -> 41 | H62: =PSE!I72 -> 41 | ... P62: =PSE!Q72 -> 41
A63: =PSE!B73 -> Plan | B63: =PSE!C73 -> 34.4 | C63: =PSE!D73 -> 36.36 | D63: =PSE!E73 -> 38.47 | E63: =PSE!F73 -> 38.43 | F63: =PSE!G73 -> 39.78 | G63: =PSE!H73 -> 36.91 | H63: =PSE!I73 -> 38.11 | ... P63: =PSE!Q73 -> 24.65
B151: =PSE!C1 -> JAN | C151: =PSE!D1 -> FEB | D151: =PSE!E1 -> MAR | E151: =PSE!F1 -> APR | F151: =PSE!G1 -> MAY | G151: =PSE!H1 -> JUN | H151: =PSE!I1 -> JUL | I151: =PSE!J1 -> AUG | ... P151: =PSE!Q1 -> MAR'27
A152: =PSE!B6 -> % Plan | B152: =PSE!C6 -> 0.8978 | C152: =PSE!D6 -> 0.9413 | D152: =PSE!E6 -> 0.9882 | E152: =PSE!F6 -> 0.9465 | F152: =PSE!G6 -> 0.9746 | G152: =PSE!H6 -> 0.9148 | H152: =PSE!I6 -> 0.9398 | ... P152: =PSE!Q6 -> 0.6594
A153: =PSE!B7 -> Available FTE | B153: =PSE!C7 -> 5 | C153: =PSE!D7 -> 3 | D153: =PSE!E7 -> 1 | E153: =PSE!F7 -> 3 | F153: =PSE!G7 -> 1 | G153: =PSE!H7 -> 4 | H153: =PSE!I7 -> 3 | ... P153: =PSE!Q7 -> 16

Sheet SD
B1: Type | C1: JAN | D1: FEB | E1: MAR | F1: APR | G1: MAY | H1: JUN | I1: JUL | J1: AUG | K1: SEP | L1: OCT | M1: NOV | N1: DEC | O1: JAN'27 | P1: FEB'27 | Q1: MAR'27
A2: SD | B2: Staff | C2: 43 | D2: 45 | E2: 46 | F2: 46 | G2: 46 | H2: 46 | I2: 46 | J2: 46 | K2: 46 | L2: 46 | M2: 46 | N2: 46 | O2: 46 | P2: 46 | Q2: 46
A3: SD | B3: Staff AVG | C3: 46 | D3: 46 | E3: 46 | F3: 46 | G3: 46 | H3: 46 | I3: 46 | J3: 46 | K3: 46 | L3: 46 | M3: 46 | N3: 46 | O3: 46 | P3: 46 | Q3: 46
A4: SD | B4: Plan | C4: 40 | D4: 46 | E4: 48 | F4: 44 | G4: 46 | H4: 46 | I4: 48 | J4: 46 | K4: 45 | L4: 42 | M4: 42 | N4: 42 | O4: 32 | P4: 32 | Q4: 32
B6: % Plan | C6: 0.9409 | D6: 1.0187 | E6: 1.0399 | F6: 0.9508 | G6: 1.0045 | H6: 1.0102 | I6: 1.0387 | J6: 1.0035 | K6: 0.9871 | L6: 0.9239 | M6: 0.9109 | N6: 0.9022 | O6: 0.7044 | P6: 0.6979 | Q6: 0.6979
B7: Available FTE | C7: 3 | D7: -1 | E7: -2 | F7: 2 | G7: 0 | H7: 0 | I7: -2 | J7: 0 | K7: 1 | L7: 4 | M7: 4 | N7: 4 | O7: 14 | P7: 14 | Q7: 14
A9: Staff | B9: PAYROLL | C9: 35 | D9: 35 | E9: 35 | F9: 35 | G9: 35 | H9: 35 | I9: 35 | J9: 35 | K9: 35 | L9: 35 | M9: 35 | N9: 35 | O9: 35 | P9: 35 | Q9: 35
A10: Staff AVG | B10: PAYROLL | C10: 35 | D10: 35 | E10: 35 | F10: 35 | G10: 35 | H10: 35 | I10: 35 | J10: 35 | K10: 35 | L10: 35 | M10: 35 | N10: 35 | O10: 35 | P10: 35 | Q10: 35
A11: Plan | B11: PAYROLL | C11: 33 | D11: 35 | E11: 36 | F11: 33 | G11: 34 | H11: 34 | I11: 33 | J11: 32 | K11: 31 | L11: 30 | M11: 30 | N11: 29 | O11: 23 | P11: 23 | Q11: 23
A13: Staff | B13: CONTRACTOR | C13: 2 | D13: 2 | E13: 2 | F13: 2 | G13: 2 | H13: 2 | I13: 2 | J13: 2 | K13: 2 | L13: 2 | M13: 2 | N13: 2 | O13: 2 | P13: 2 | Q13: 2
A14: Staff AVG | B14: CONTRACTOR | C14: 2 | D14: 2 | E14: 2 | F14: 2 | G14: 2 | H14: 2 | I14: 2 | J14: 2 | K14: 2 | L14: 2 | M14: 2 | N14: 2 | O14: 2 | P14: 2 | Q14: 2
A15: Plan | B15: CONTRACTOR | C15: 2 | D15: 2 | E15: 2 | F15: 2 | G15: 2 | H15: 2 | I15: 2 | J15: 2 | K15: 2 | L15: 2 | M15: 2 | N15: 2 | O15: 2 | P15: 2 | Q15: 2
A17: Staff | B17: OUTSOURCE | C17: 6 | D17: 8 | E17: 9 | F17: 9 | G17: 9 | H17: 9 | I17: 9 | J17: 9 | K17: 9 | L17: 9 | M17: 9 | N17: 9 | O17: 9 | P17: 9 | Q17: 9
A18: Staff AVG | B18: OUTSOURCE | C18: 9 | D18: 9 | E18: 9 | F18: 9 | G18: 9 | H18: 9 | I18: 9 | J18: 9 | K18: 9 | L18: 9 | M18: 9 | N18: 9 | O18: 9 | P18: 9 | Q18: 9
A19: Plan | B19: OUTSOURCE | C19: 6 | D19: 8 | E19: 10 | F19: 9 | G19: 10 | H19: 11 | I19: 12 | J19: 12 | K19: 13 | L19: 10 | M19: 10 | N19: 10 | O19: 7 | P19: 7 | Q19: 7
B31: Type | C31: Q1 | D31: Q2 | E31: Q3 | F31: Q4 | G31: Q1'27
A32: SD | B32: Staff | C32: 45 | D32: 46 | E32: 46 | F32: 46 | G32: 46
A33: SD | B33: Staff AVG | C33: 46 | D33: 46 | E33: 46 | F33: 46 | G33: 46
A34: SD | B34: Plan | C34: 45 | D34: 45 | E34: 46 | F34: 42 | G34: 39
C35: -0.001 | D35: 0.0115 | E35: -0.0098 | F35: 0.0876 | G35: 0.1608
B36: % Plan | C36: 1.001 | D36: 0.9885 | E36: 1.0098 | F36: 0.9124 | G36: 0.8392
B37: Available FTE | C37: 0 | D37: 1 | E37: 0 | F37: 4 | G37: 7
A39: Staff | B39: PAYROLL | C39: 35 | D39: 35 | E39: 35 | F39: 35 | G39: 35
A40: Staff AVG | B40: PAYROLL | C40: 35 | D40: 35 | E40: 35 | F40: 35 | G40: 35
A41: Plan | B41: PAYROLL | C41: 35 | D41: 34 | E41: 32 | F41: 30 | G41: 27
A43: Staff | B43: CONTRACTOR | C43: 2 | D43: 2 | E43: 2 | F43: 2 | G43: 2
A44: Staff AVG | B44: CONTRACTOR | C44: 2 | D44: 2 | E44: 2 | F44: 2 | G44: 2
A45: Plan | B45: CONTRACTOR | C45: 2 | D45: 2 | E45: 2 | F45: 2 | G45: 2
A47: Staff | B47: OUTSOURCE | C47: 8 | D47: 9 | E47: 9 | F47: 9 | G47: 9
A48: Staff AVG | B48: OUTSOURCE | C48: 9 | D48: 9 | E48: 9 | F48: 9 | G48: 9
A49: Plan | B49: OUTSOURCE | C49: 8 | D49: 10 | E49: 12 | F49: 10 | G49: 9
A61: Section | C61: JAN | D61: FEB | E61: MAR | F61: APR | G61: MAY | H61: JUN | I61: JUL | J61: AUG | K61: SEP | L61: OCT | M61: NOV | N61: DEC | O61: JAN'27 | P61: FEB'27 | Q61: MAR'27
B62: Staff | C62: 43 | D62: 45 | E62: 46 | F62: 46 | G62: 46 | H62: 46 | I62: 46 | J62: 46 | K62: 46 | L62: 46 | M62: 46 | N62: 46 | O62: 46 | P62: 46 | Q62: 46
B63: Plan | C63: 34.0775 | D63: 38.525 | E63: 40.52 | F63: 36.765 | G63: 39.62 | H63: 39.775 | I63: 40.58375 | J63: 38.89325 | K63: 38.45575 | L63: 35.5495 | M63: 34.5825 | N63: 33.2575 | O63: 24.42125 | P63: 24.12125 | Q63: 24.12125
A64: Solution Delivery | B64: Staff | C64: 1 | D64: 1 | E64: 1 | F64: 1 | G64: 1 | H64: 1 | I64: 1 | J64: 1 | K64: 1 | L64: 1 | M64: 1 | N64: 1 | O64: 1 | P64: 1 | Q64: 1
A65: Solution Delivery | B65: Plan | C65: 1 | D65: 1 | E65: 1 | F65: 1 | G65: 1 | H65: 1 | I65: 1 | J65: 1 | K65: 1 | L65: 1 | M65: 1 | N65: 1 | O65: 1 | P65: 1 | Q65: 1
A66: Design | B66: Staff | C66: 4 | D66: 4 | E66: 4 | F66: 4 | G66: 4 | H66: 4 | I66: 4 | J66: 4 | K66: 4 | L66: 4 | M66: 4 | N66: 4 | O66: 4 | P66: 4 | Q66: 4
A67: Design | B67: Plan | C67: 3.0625 | D67: 3.85 | E67: 3.65 | F67: 3.3 | G67: 4.025 | H67: 4.025 | I67: 3.98125 | J67: 3.29375 | K67: 2.93125 | L67: 2.7125 | M67: 2.5875 | N67: 2.3875 | O67: 1.28125 | P67: 1.03125 | Q67: 1.03125
A68: Data Technology | B68: Staff | C68: 7 | D68: 7 | E68: 7 | F68: 7 | G68: 7 | H68: 7 | I68: 7 | J68: 7 | K68: 7 | L68: 7 | M68: 7 | N68: 7 | O68: 7 | P68: 7 | Q68: 7
A69: Data Technology | B69: Plan | C69: 7.075 | D69: 7.225 | E69: 6.865 | F69: 6.12 | G69: 5.7075 | H69: 6.4125 | I69: 5.8625 | J69: 5.6325 | K69: 5.6325 | L69: 5.295 | M69: 5.145 | N69: 5.145 | O69: 4.315 | P69: 4.315 | Q69: 4.315
A70: Data Technology:TH | B70: Staff | C70: 6 | D70: 6 | E70: 6 | F70: 6 | G70: 6 | H70: 6 | I70: 6 | J70: 6 | K70: 6 | L70: 6 | M70: 6 | N70: 6 | O70: 6 | P70: 6 | Q70: 6
A71: Data Technology:TH | B71: Plan | C71: 6.075 | D71: 6.225 | E71: 5.865 | F71: 5.12 | G71: 4.7075 | H71: 5.4125 | I71: 4.8625 | J71: 4.6325 | K71: 4.6325 | L71: 4.295 | M71: 4.145 | N71: 4.145 | O71: 3.315 | P71: 3.315 | Q71: 3.315
A72: Data Technology:CT | B72: Staff | C72: 1 | D72: 1 | E72: 1 | F72: 1 | G72: 1 | H72: 1 | I72: 1 | J72: 1 | K72: 1 | L72: 1 | M72: 1 | N72: 1 | O72: 1 | P72: 1 | Q72: 1
A73: Data Technology:CT | B73: Plan | C73: 1 | D73: 1 | E73: 1 | F73: 1 | G73: 1 | H73: 1 | I73: 1 | J73: 1 | K73: 1 | L73: 1 | M73: 1 | N73: 1 | O73: 1 | P73: 1 | Q73: 1
A74: Solution Architecture | B74: Staff | C74: 4 | D74: 4 | E74: 4 | F74: 4 | G74: 4 | H74: 4 | I74: 4 | J74: 4 | K74: 4 | L74: 4 | M74: 4 | N74: 4 | O74: 4 | P74: 4 | Q74: 4
A75: Solution Architecture | B75: Plan | C75: 3.3 | D75: 4.375 | E75: 4.325 | F75: 3.9 | G75: 3.515 | H75: 3.465 | I75: 3.365 | J75: 3.44 | K75: 3.12 | L75: 3.12 | M75: 3.12 | N75: 3.045 | O75: 2.78 | P75: 2.78 | Q75: 2.78
... A93: Technology Management | B93: Plan | C93: 3.08 | D93: 2.94 | E93: 2.99 | F93: 3.07 | G93: 3.07 | H93: 3.23 | I93: 3.83 | J93: 3.83 | K93: 3.83 | L93: 3.83 | M93: 4.2 | N93: 5.2 | O93: 5.2 | P93: 5.2 | Q93: 5.2

Sheet GraphSD
B1: =IF(SD!C1>0,SD!C1,"") -> JAN | C1: =IF(SD!D1>0,SD!D1,"") -> FEB | D1: =IF(SD!E1>0,SD!E1,"") -> MAR | E1: =IF(SD!F1>0,SD!F1,"") -> APR | F1: =IF(SD!G1>0,SD!G1,"") -> MAY | G1: =IF(SD!H1>0,SD!H1,"") -> JUN | H1: =IF(SD!I1>0,SD!I1,"") -> JUL | I1: =IF(SD!J1>0,SD!J1,"") -> AUG | ... P1: =IF(SD!Q1>0,SD!Q1,"") -> MAR'27
A2: =IF(SD!B2>0,SD!B2,"") -> Staff | B2: =IF(SD!C2>0,SD!C2,"") -> 43 | C2: =IF(SD!D2>0,SD!D2,"") -> 45 | D2: =IF(SD!E2>0,SD!E2,"") -> 46 | E2: =IF(SD!F2>0,SD!F2,"") -> 46 | F2: =IF(SD!G2>0,SD!G2,"") -> 46 | G2: =IF(SD!H2>0,SD!H2,"") -> 46 | H2: =IF(SD!I2>0,SD!I2,"") -> 46 | ... P2: =IF(SD!Q2>0,SD!Q2,"") -> 46
A3: =IF(SD!B3>0,SD!B3,"") -> Staff AVG | B3: =IF(SD!C3>0,SD!C3,"") -> 46 | C3: =IF(SD!D3>0,SD!D3,"") -> 46 | D3: =IF(SD!E3>0,SD!E3,"") -> 46 | E3: =IF(SD!F3>0,SD!F3,"") -> 46 | F3: =IF(SD!G3>0,SD!G3,"") -> 46 | G3: =IF(SD!H3>0,SD!H3,"") -> 46 | H3: =IF(SD!I3>0,SD!I3,"") -> 46 | ... P3: =IF(SD!Q3>0,SD!Q3,"") -> 46
A4: =IF(SD!B4>0,SD!B4,"") -> Plan | B4: =IF(SD!C4>0,SD!C4,"") -> 40 | C4: =IF(SD!D4>0,SD!D4,"") -> 46 | D4: =IF(SD!E4>0,SD!E4,"") -> 48 | E4: =IF(SD!F4>0,SD!F4,"") -> 44 | F4: =IF(SD!G4>0,SD!G4,"") -> 46 | G4: =IF(SD!H4>0,SD!H4,"") -> 46 | H4: =IF(SD!I4>0,SD!I4,"") -> 48 | ... P4: =IF(SD!Q4>0,SD!Q4,"") -> 32
A5: =IF(SD!B11>0,SD!B11,"") -> PAYROLL | B5: =IF(SD!C11>0,SD!C11,"") -> 33 | C5: =IF(SD!D11>0,SD!D11,"") -> 35 | D5: =IF(SD!E11>0,SD!E11,"") -> 36 | E5: =IF(SD!F11>0,SD!F11,"") -> 33 | F5: =IF(SD!G11>0,SD!G11,"") -> 34 | G5: =IF(SD!H11>0,SD!H11,"") -> 34 | H5: =IF(SD!I11>0,SD!I11,"") -> 33 | ... P5: =IF(SD!Q11>0,SD!Q11,"") -> 23
A6: =IF(SD!B15>0,SD!B15,"") -> CONTRACTOR | B6: =IF(SD!C15>0,SD!C15,"") -> 2 | C6: =IF(SD!D15>0,SD!D15,"") -> 2 | D6: =IF(SD!E15>0,SD!E15,"") -> 2 | E6: =IF(SD!F15>0,SD!F15,"") -> 2 | F6: =IF(SD!G15>0,SD!G15,"") -> 2 | G6: =IF(SD!H15>0,SD!H15,"") -> 2 | H6: =IF(SD!I15>0,SD!I15,"") -> 2 | ... P6: =IF(SD!Q15>0,SD!Q15,"") -> 2
A7: =IF(SD!B19>0,SD!B19,"") -> OUTSOURCE | B7: =IF(SD!C19>0,SD!C19,"") -> 6 | C7: =IF(SD!D19>0,SD!D19,"") -> 8 | D7: =IF(SD!E19>0,SD!E19,"") -> 10 | E7: =IF(SD!F19>0,SD!F19,"") -> 9 | F7: =IF(SD!G19>0,SD!G19,"") -> 10 | G7: =IF(SD!H19>0,SD!H19,"") -> 11 | H7: =IF(SD!I19>0,SD!I19,"") -> 12 | ... P7: =IF(SD!Q19>0,SD!Q19,"") -> 7
B11: =IF(SD!C1>0,SD!C1,"") -> JAN | C11: =IF(SD!D1>0,SD!D1,"") -> FEB | D11: =IF(SD!E1>0,SD!E1,"") -> MAR | E11: =IF(SD!F1>0,SD!F1,"") -> APR | F11: =IF(SD!G1>0,SD!G1,"") -> MAY | G11: =IF(SD!H1>0,SD!H1,"") -> JUN | H11: =IF(SD!I1>0,SD!I1,"") -> JUL | I11: =IF(SD!J1>0,SD!J1,"") -> AUG | ... P11: =IF(SD!Q1>0,SD!Q1,"") -> MAR'27
A12: =IF(SD!B2>0,SD!B2,"") -> Staff | B12: =IF(SD!C9>0,SD!C9,"") -> 35 | C12: =IF(SD!D9>0,SD!D9,"") -> 35 | D12: =IF(SD!E9>0,SD!E9,"") -> 35 | E12: =IF(SD!F9>0,SD!F9,"") -> 35 | F12: =IF(SD!G9>0,SD!G9,"") -> 35 | G12: =IF(SD!H9>0,SD!H9,"") -> 35 | H12: =IF(SD!I9>0,SD!I9,"") -> 35 | I12: =IF(SD!J9>0,SD!J9,"") -> 35 | ... P12: =IF(SD!Q9>0,SD!Q9,"") -> 35
A13: =IF(SD!B3>0,SD!B3,"") -> Staff AVG | B13: =IF(SD!C10>0,SD!C10,"") -> 35 | C13: =IF(SD!D10>0,SD!D10,"") -> 35 | D13: =IF(SD!E10>0,SD!E10,"") -> 35 | E13: =IF(SD!F10>0,SD!F10,"") -> 35 | F13: =IF(SD!G10>0,SD!G10,"") -> 35 | G13: =IF(SD!H10>0,SD!H10,"") -> 35 | H13: =IF(SD!I10>0,SD!I10,"") -> 35 | I13: =IF(SD!J10>0,SD!J10,"") -> 35 | ... P13: =IF(SD!Q10>0,SD!Q10,"") -> 35
A14: =IF(SD!B4>0,SD!B4,"") -> Plan | B14: =IF(SD!C11>0,SD!C11,"") -> 33 | C14: =IF(SD!D11>0,SD!D11,"") -> 35 | D14: =IF(SD!E11>0,SD!E11,"") -> 36 | E14: =IF(SD!F11>0,SD!F11,"") -> 33 | F14: =IF(SD!G11>0,SD!G11,"") -> 34 | G14: =IF(SD!H11>0,SD!H11,"") -> 34 | H14: =IF(SD!I11>0,SD!I11,"") -> 33 | I14: =IF(SD!J11>0,SD!J11,"") -> 32 | ... P14: =IF(SD!Q11>0,SD!Q11,"") -> 23
B21: =IF(SD!C1>0,SD!C1,"") -> JAN | C21: =IF(SD!D1>0,SD!D1,"") -> FEB | D21: =IF(SD!E1>0,SD!E1,"") -> MAR | E21: =IF(SD!F1>0,SD!F1,"") -> APR | F21: =IF(SD!G1>0,SD!G1,"") -> MAY | G21: =IF(SD!H1>0,SD!H1,"") -> JUN | H21: =IF(SD!I1>0,SD!I1,"") -> JUL | I21: =IF(SD!J1>0,SD!J1,"") -> AUG | ... P21: =IF(SD!Q1>0,SD!Q1,"") -> MAR'27
A22: =IF(SD!B2>0,SD!B2,"") -> Staff | B22: =IF(SD!C13>0,SD!C13,"") -> 2 | C22: =IF(SD!D13>0,SD!D13,"") -> 2 | D22: =IF(SD!E13>0,SD!E13,"") -> 2 | E22: =IF(SD!F13>0,SD!F13,"") -> 2 | F22: =IF(SD!G13>0,SD!G13,"") -> 2 | G22: =IF(SD!H13>0,SD!H13,"") -> 2 | H22: =IF(SD!I13>0,SD!I13,"") -> 2 | I22: =IF(SD!J13>0,SD!J13,"") -> 2 | ... P22: =IF(SD!Q13>0,SD!Q13,"") -> 2
A23: =IF(SD!B3>0,SD!B3,"") -> Staff AVG | B23: =IF(SD!C14>0,SD!C14,"") -> 2 | C23: =IF(SD!D14>0,SD!D14,"") -> 2 | D23: =IF(SD!E14>0,SD!E14,"") -> 2 | E23: =IF(SD!F14>0,SD!F14,"") -> 2 | F23: =IF(SD!G14>0,SD!G14,"") -> 2 | G23: =IF(SD!H14>0,SD!H14,"") -> 2 | H23: =IF(SD!I14>0,SD!I14,"") -> 2 | I23: =IF(SD!J14>0,SD!J14,"") -> 2 | ... P23: =IF(SD!Q14>0,SD!Q14,"") -> 2
A24: =IF(SD!B4>0,SD!B4,"") -> Plan | B24: =IF(SD!C15>0,SD!C15,"") -> 2 | C24: =IF(SD!D15>0,SD!D15,"") -> 2 | D24: =IF(SD!E15>0,SD!E15,"") -> 2 | E24: =IF(SD!F15>0,SD!F15,"") -> 2 | F24: =IF(SD!G15>0,SD!G15,"") -> 2 | G24: =IF(SD!H15>0,SD!H15,"") -> 2 | H24: =IF(SD!I15>0,SD!I15,"") -> 2 | I24: =IF(SD!J15>0,SD!J15,"") -> 2 | ... P24: =IF(SD!Q15>0,SD!Q15,"") -> 2
B31: =IF(SD!C1>0,SD!C1,"") -> JAN | C31: =IF(SD!D1>0,SD!D1,"") -> FEB | D31: =IF(SD!E1>0,SD!E1,"") -> MAR | E31: =IF(SD!F1>0,SD!F1,"") -> APR | F31: =IF(SD!G1>0,SD!G1,"") -> MAY | G31: =IF(SD!H1>0,SD!H1,"") -> JUN | H31: =IF(SD!I1>0,SD!I1,"") -> JUL | I31: =IF(SD!J1>0,SD!J1,"") -> AUG | ... P31: =IF(SD!Q1>0,SD!Q1,"") -> MAR'27
A32: =IF(SD!B2>0,SD!B2,"") -> Staff | B32: =IF(SD!C17>0,SD!C17,"") -> 6 | C32: =IF(SD!D17>0,SD!D17,"") -> 8 | D32: =IF(SD!E17>0,SD!E17,"") -> 9 | E32: =IF(SD!F17>0,SD!F17,"") -> 9 | F32: =IF(SD!G17>0,SD!G17,"") -> 9 | G32: =IF(SD!H17>0,SD!H17,"") -> 9 | H32: =IF(SD!I17>0,SD!I17,"") -> 9 | I32: =IF(SD!J17>0,SD!J17,"") -> 9 | ... P32: =IF(SD!Q17>0,SD!Q17,"") -> 9
A33: =IF(SD!B3>0,SD!B3,"") -> Staff AVG | B33: =IF(SD!C18>0,SD!C18,"") -> 9 | C33: =IF(SD!D18>0,SD!D18,"") -> 9 | D33: =IF(SD!E18>0,SD!E18,"") -> 9 | E33: =IF(SD!F18>0,SD!F18,"") -> 9 | F33: =IF(SD!G18>0,SD!G18,"") -> 9 | G33: =IF(SD!H18>0,SD!H18,"") -> 9 | H33: =IF(SD!I18>0,SD!I18,"") -> 9 | I33: =IF(SD!J18>0,SD!J18,"") -> 9 | ... P33: =IF(SD!Q18>0,SD!Q18,"") -> 9
A34: =IF(SD!B4>0,SD!B4,"") -> Plan | B34: =IF(SD!C19>0,SD!C19,"") -> 6 | C34: =IF(SD!D19>0,SD!D19,"") -> 8 | D34: =IF(SD!E19>0,SD!E19,"") -> 10 | E34: =IF(SD!F19>0,SD!F19,"") -> 9 | F34: =IF(SD!G19>0,SD!G19,"") -> 10 | G34: =IF(SD!H19>0,SD!H19,"") -> 11 | H34: =IF(SD!I19>0,SD!I19,"") -> 12 | I34: =IF(SD!J19>0,SD!J19,"") -> 12 | ... P34: =IF(SD!Q19>0,SD!Q19,"") -> 7
B41: =IF(SD!C31>0,SD!C31,"") -> Q1 | C41: =IF(SD!D31>0,SD!D31,"") -> Q2 | D41: =IF(SD!E31>0,SD!E31,"") -> Q3 | E41: =IF(SD!F31>0,SD!F31,"") -> Q4 | F41: =IF(SD!G31>0,SD!G31,"") -> Q1'27
A42: =IF(SD!B32>0,SD!B32,"") -> Staff | B42: =IF(SD!C32>0,SD!C32,"") -> 45 | C42: =IF(SD!D32>0,SD!D32,"") -> 46 | D42: =IF(SD!E32>0,SD!E32,"") -> 46 | E42: =IF(SD!F32>0,SD!F32,"") -> 46 | F42: =IF(SD!G32>0,SD!G32,"") -> 46
A43: =IF(SD!B33>0,SD!B33,"") -> Staff AVG | B43: =IF(SD!C33>0,SD!C33,"") -> 46 | C43: =IF(SD!D33>0,SD!D33,"") -> 46 | D43: =IF(SD!E33>0,SD!E33,"") -> 46 | E43: =IF(SD!F33>0,SD!F33,"") -> 46 | F43: =IF(SD!G33>0,SD!G33,"") -> 46
A44: =IF(SD!B34>0,SD!B34,"") -> Plan | B44: =IF(SD!C34>0,SD!C34,"") -> 45 | C44: =IF(SD!D34>0,SD!D34,"") -> 45 | D44: =IF(SD!E34>0,SD!E34,"") -> 46 | E44: =IF(SD!F34>0,SD!F34,"") -> 42 | F44: =IF(SD!G34>0,SD!G34,"") -> 39
A45: =IF(SD!B41>0,SD!B41,"") -> PAYROLL | B45: =IF(SD!C41>0,SD!C41,"") -> 35 | C45: =IF(SD!D41>0,SD!D41,"") -> 34 | D45: =IF(SD!E41>0,SD!E41,"") -> 32 | E45: =IF(SD!F41>0,SD!F41,"") -> 30 | F45: =IF(SD!G41>0,SD!G41,"") -> 27
A46: =IF(SD!B45>0,SD!B45,"") -> CONTRACTOR | B46: =IF(SD!C45>0,SD!C45,"") -> 2 | C46: =IF(SD!D45>0,SD!D45,"") -> 2 | D46: =IF(SD!E45>0,SD!E45,"") -> 2 | E46: =IF(SD!F45>0,SD!F45,"") -> 2 | F46: =IF(SD!G45>0,SD!G45,"") -> 2
A47: =IF(SD!B49>0,SD!B49,"") -> OUTSOURCE | B47: =IF(SD!C49>0,SD!C49,"") -> 8 | C47: =IF(SD!D49>0,SD!D49,"") -> 10 | D47: =IF(SD!E49>0,SD!E49,"") -> 12 | E47: =IF(SD!F49>0,SD!F49,"") -> 10 | F47: =IF(SD!G49>0,SD!G49,"") -> 9
A51: =SD!A66 -> Design | B51: =SD!C$61 -> JAN | C51: =SD!D$61 -> FEB | D51: =SD!E$61 -> MAR | E51: =SD!F$61 -> APR | F51: =SD!G$61 -> MAY | G51: =SD!H$61 -> JUN | H51: =SD!I$61 -> JUL | I51: =SD!J$61 -> AUG | ... P51: =SD!Q$61 -> MAR'27
A52: =SD!B66 -> Staff | B52: =SD!C66 -> 4 | C52: =SD!D66 -> 4 | D52: =SD!E66 -> 4 | E52: =SD!F66 -> 4 | F52: =SD!G66 -> 4 | G52: =SD!H66 -> 4 | H52: =SD!I66 -> 4 | ... P52: =SD!Q66 -> 4
A53: =SD!B67 -> Plan | B53: =SD!C67 -> 3.0625 | C53: =SD!D67 -> 3.85 | D53: =SD!E67 -> 3.65 | E53: =SD!F67 -> 3.3 | F53: =SD!G67 -> 4.025 | G53: =SD!H67 -> 4.025 | H53: =SD!I67 -> 3.98125 | ... P53: =SD!Q67 -> 1.03125
A61: =SD!A68 -> Data Technology | B61: =SD!C$61 -> JAN | C61: =SD!D$61 -> FEB | D61: =SD!E$61 -> MAR | E61: =SD!F$61 -> APR | F61: =SD!G$61 -> MAY | G61: =SD!H$61 -> JUN | H61: =SD!I$61 -> JUL | I61: =SD!J$61 -> AUG | ... P61: =SD!Q$61 -> MAR'27
A62: =SD!B68 -> Staff | B62: =SD!C68 -> 7 | C62: =SD!D68 -> 7 | D62: =SD!E68 -> 7 | E62: =SD!F68 -> 7 | F62: =SD!G68 -> 7 | G62: =SD!H68 -> 7 | H62: =SD!I68 -> 7 | ... P62: =SD!Q68 -> 7
A63: =SD!B69 -> Plan | B63: =SD!C69 -> 7.075 | C63: =SD!D69 -> 7.225 | D63: =SD!E69 -> 6.865 | E63: =SD!F69 -> 6.12 | F63: =SD!G69 -> 5.7075 | G63: =SD!H69 -> 6.4125 | H63: =SD!I69 -> 5.8625 | ... P63: =SD!Q69 -> 4.315
A71: =SD!A74 -> Solution Architecture | B71: =SD!C$61 -> JAN | C71: =SD!D$61 -> FEB | D71: =SD!E$61 -> MAR | E71: =SD!F$61 -> APR | F71: =SD!G$61 -> MAY | G71: =SD!H$61 -> JUN | H71: =SD!I$61 -> JUL | I71: =SD!J$61 -> AUG | ... P71: =SD!Q$61 -> MAR'27
A72: =SD!B74 -> Staff | B72: =SD!C74 -> 4 | C72: =SD!D74 -> 4 | D72: =SD!E74 -> 4 | E72: =SD!F74 -> 4 | F72: =SD!G74 -> 4 | G72: =SD!H74 -> 4 | H72: =SD!I74 -> 4 | ... P72: =SD!Q74 -> 4
A73: =SD!B75 -> Plan | B73: =SD!C75 -> 3.3 | C73: =SD!D75 -> 4.375 | D73: =SD!E75 -> 4.325 | E73: =SD!F75 -> 3.9 | F73: =SD!G75 -> 3.515 | G73: =SD!H75 -> 3.465 | H73: =SD!I75 -> 3.365 | ... P73: =SD!Q75 -> 2.78
A81: =SD!A76 -> Site Reliability Engineering | B81: =SD!C$61 -> JAN | C81: =SD!D$61 -> FEB | D81: =SD!E$61 -> MAR | E81: =SD!F$61 -> APR | F81: =SD!G$61 -> MAY | G81: =SD!H$61 -> JUN | H81: =SD!I$61 -> JUL | I81: =SD!J$61 -> AUG | ... P81: =SD!Q$61 -> MAR'27
A82: =SD!B76 -> Staff | B82: =SD!C76 -> 2 | C82: =SD!D76 -> 2 | D82: =SD!E76 -> 2 | E82: =SD!F76 -> 2 | F82: =SD!G76 -> 2 | G82: =SD!H76 -> 2 | H82: =SD!I76 -> 2 | ... P82: =SD!Q76 -> 2
A83: =SD!B77 -> Plan | B83: =SD!C77 -> 3.385 | C83: =SD!D77 -> 3.075 | D83: =SD!E77 -> 4.22 | E83: =SD!F77 -> 2.655 | F83: =SD!G77 -> 2.685 | G83: =SD!H77 -> 2.465 | H83: =SD!I77 -> 2.315 | ... P83: =SD!Q77 -> 1.455
A91: =SD!A78 -> Cyber Security | B91: =SD!C$61 -> JAN | C91: =SD!D$61 -> FEB | D91: =SD!E$61 -> MAR | E91: =SD!F$61 -> APR | F91: =SD!G$61 -> MAY | G91: =SD!H$61 -> JUN | H91: =SD!I$61 -> JUL | I91: =SD!J$61 -> AUG | ... P91: =SD!Q$61 -> MAR'27
A92: =SD!B78 -> Staff | B92: =SD!C78 -> 3 | C92: =SD!D78 -> 3 | D92: =SD!E78 -> 3 | E92: =SD!F78 -> 3 | F92: =SD!G78 -> 3 | G92: =SD!H78 -> 3 | H92: =SD!I78 -> 3 | ... P92: =SD!Q78 -> 3
A93: =SD!B79 -> Plan | B93: =SD!C79 -> 3.275 | C93: =SD!D79 -> 3.275 | D93: =SD!E79 -> 3.225 | E93: =SD!F79 -> 2.875 | F93: =SD!G79 -> 3.1125 | G93: =SD!H79 -> 2.8625 | H93: =SD!I79 -> 2.6 | ... P93: =SD!Q79 -> 2.5
A101: =SD!A80 -> Project Management | B101: =SD!C$61 -> JAN | C101: =SD!D$61 -> FEB | D101: =SD!E$61 -> MAR | E101: =SD!F$61 -> APR | F101: =SD!G$61 -> MAY | G101: =SD!H$61 -> JUN | H101: =SD!I$61 -> JUL | I101: =SD!J$61 -> AUG | ... P101: =SD!Q$61 -> MAR'27
A102: =SD!B80 -> Staff | B102: =SD!C80 -> 4 | C102: =SD!D80 -> 4 | D102: =SD!E80 -> 4 | E102: =SD!F80 -> 4 | F102: =SD!G80 -> 4 | G102: =SD!H80 -> 4 | H102: =SD!I80 -> 4 | ... P102: =SD!Q80 -> 4
A103: =SD!B81 -> Plan | B103: =SD!C81 -> 3.65 | C103: =SD!D81 -> 3.75 | D103: =SD!E81 -> 4 | E103: =SD!F81 -> 3.85 | F103: =SD!G81 -> 4.16 | G103: =SD!H81 -> 4.06 | H103: =SD!I81 -> 4.275 | ... P103: =SD!Q81 -> 1
A111: =SD!A82 -> Technology Analyst | B111: =SD!C$61 -> JAN | C111: =SD!D$61 -> FEB | D111: =SD!E$61 -> MAR | E111: =SD!F$61 -> APR | F111: =SD!G$61 -> MAY | G111: =SD!H$61 -> JUN | H111: =SD!I$61 -> JUL | I111: =SD!J$61 -> AUG | ... P111: =SD!Q$61 -> MAR'27
A112: =SD!B82 -> Staff | B112: =SD!C82 -> 5 | C112: =SD!D82 -> 5 | D112: =SD!E82 -> 5 | E112: =SD!F82 -> 5 | F112: =SD!G82 -> 5 | G112: =SD!H82 -> 5 | H112: =SD!I82 -> 5 | ... P112: =SD!Q82 -> 5
A113: =SD!B83 -> Plan | B113: =SD!C83 -> 4.7 | C113: =SD!D83 -> 5.05 | D113: =SD!E83 -> 5.05 | E113: =SD!F83 -> 5.28 | F113: =SD!G83 -> 5.99 | G113: =SD!H83 -> 5.49 | H113: =SD!I83 -> 5.15 | ... P113: =SD!Q83 -> 3.22
A121: =SD!A84 -> Technology QA | B121: =SD!C$61 -> JAN | C121: =SD!D$61 -> FEB | D121: =SD!E$61 -> MAR | E121: =SD!F$61 -> APR | F121: =SD!G$61 -> MAY | G121: =SD!H$61 -> JUN | H121: =SD!I$61 -> JUL | I121: =SD!J$61 -> AUG | ... P121: =SD!Q$61 -> MAR'27
A122: =SD!B84 -> Staff | B122: =SD!C84 -> 9 | C122: =SD!D84 -> 11 | D122: =SD!E84 -> 12 | E122: =SD!F84 -> 12 | F122: =SD!G84 -> 12 | G122: =SD!H84 -> 12 | H122: =SD!I84 -> 12 | ... P122: =SD!Q84 -> 12
A123: =SD!B85 -> Plan | B123: =SD!C85 -> 7.93 | C123: =SD!D85 -> 11.3 | D123: =SD!E85 -> 12.51 | E123: =SD!F85 -> 11.685 | F123: =SD!G85 -> 12.94 | G123: =SD!H85 -> 13.46 | H123: =SD!I85 -> 15.4 | ... P123: =SD!Q85 -> 9.6
A131: =SD!A92 -> Technology Management | B131: =SD!C$61 -> JAN | C131: =SD!D$61 -> FEB | D131: =SD!E$61 -> MAR | E131: =SD!F$61 -> APR | F131: =SD!G$61 -> MAY | G131: =SD!H$61 -> JUN | H131: =SD!I$61 -> JUL | I131: =SD!J$61 -> AUG | ... P131: =SD!Q$61 -> MAR'27
A132: =SD!B92 -> Staff | B132: =SD!C92 -> 4 | C132: =SD!D92 -> 4 | D132: =SD!E92 -> 4 | E132: =SD!F92 -> 4 | F132: =SD!G92 -> 4 | G132: =SD!H92 -> 4 | H132: =SD!I92 -> 4 | ... P132: =SD!Q92 -> 4
A133: =SD!B93 -> Plan | B133: =SD!C93 -> 3.08 | C133: =SD!D93 -> 2.94 | D133: =SD!E93 -> 2.99 | E133: =SD!F93 -> 3.07 | F133: =SD!G93 -> 3.07 | G133: =SD!H93 -> 3.23 | H133: =SD!I93 -> 3.83 | ... P133: =SD!Q93 -> 5.2
B151: =SD!C1 -> JAN | C151: =SD!D1 -> FEB | D151: =SD!E1 -> MAR | E151: =SD!F1 -> APR | F151: =SD!G1 -> MAY | G151: =SD!H1 -> JUN | H151: =SD!I1 -> JUL | I151: =SD!J1 -> AUG | ... P151: =SD!Q1 -> MAR'27
A152: =SD!B6 -> % Plan | B152: =SD!C6 -> 0.9409 | C152: =SD!D6 -> 1.0187 | D152: =SD!E6 -> 1.0399 | E152: =SD!F6 -> 0.9508 | F152: =SD!G6 -> 1.0045 | G152: =SD!H6 -> 1.0102 | H152: =SD!I6 -> 1.0387 | ... P152: =SD!Q6 -> 0.6979
A153: =SD!B7 -> Available FTE | B153: =SD!C7 -> 3 | C153: =SD!D7 -> -1 | D153: =SD!E7 -> -2 | E153: =SD!F7 -> 2 | F153: =SD!G7 -> 0 | G153: =SD!H7 -> 0 | H153: =SD!I7 -> -2 | ... P153: =SD!Q7 -> 14

Sheet AIC
B1: Type | C1: JAN | D1: FEB | E1: MAR | F1: APR | G1: MAY | H1: JUN | I1: JUL | J1: AUG | K1: SEP | L1: OCT | M1: NOV | N1: DEC | O1: JAN'27 | P1: FEB'27 | Q1: MAR'27
A2: AIC | B2: Staff | C2: 24 | D2: 23 | E2: 22 | F2: 21 | G2: 20 | H2: 20 | I2: 19 | J2: 19 | K2: 19 | L2: 19 | M2: 19 | N2: 19 | O2: 19 | P2: 19 | Q2: 19
A3: AIC | B3: Staff AVG | C3: 20 | D3: 20 | E3: 20 | F3: 20 | G3: 20 | H3: 20 | I3: 20 | J3: 20 | K3: 20 | L3: 20 | M3: 20 | N3: 20 | O3: 20 | P3: 20 | Q3: 20
A4: AIC | B4: Plan | C4: 16 | D4: 17 | E4: 16 | F4: 19 | G4: 18 | H4: 18 | I4: 16 | J4: 15 | K4: 14 | L4: 14 | M4: 14 | N4: 13 | O4: 8 | P4: 8 | Q4: 8
B6: % Plan | C6: 0.663 | D6: 0.7539 | E6: 0.749 | F6: 0.884 | G6: 0.9197 | H6: 0.8982 | I6: 0.8328 | J6: 0.788 | K6: 0.7564 | L6: 0.715 | M6: 0.7176 | N6: 0.7018 | O6: 0.4413 | P6: 0.4413 | Q6: 0.4413
B7: Available FTE | C7: 8 | D7: 6 | E7: 6 | F7: 2 | G7: 2 | H7: 2 | I7: 3 | J7: 4 | K7: 5 | L7: 5 | M7: 5 | N7: 6 | O7: 11 | P7: 11 | Q7: 11
A9: Staff | B9: PAYROLL | C9: 24 | D9: 23 | E9: 22 | F9: 21 | G9: 20 | H9: 20 | I9: 19 | J9: 19 | K9: 19 | L9: 19 | M9: 19 | N9: 19 | O9: 19 | P9: 19 | Q9: 19
A10: Staff AVG | B10: PAYROLL | C10: 20 | D10: 20 | E10: 20 | F10: 19 | G10: 19 | H10: 19 | I10: 19 | J10: 19 | K10: 19 | L10: 19 | M10: 19 | N10: 19 | O10: 19 | P10: 19 | Q10: 19
A11: Plan | B11: PAYROLL | C11: 16 | D11: 17 | E11: 16 | F11: 19 | G11: 18 | H11: 18 | I11: 16 | J11: 15 | K11: 14 | L11: 14 | M11: 14 | N11: 13 | O11: 8 | P11: 8 | Q11: 8
A13: Grand Total | B13: CONTRACTOR | C13: 0 | D13: 0 | E13: 0 | F13: 0 | G13: 0 | H13: 0 | I13: 0 | J13: 0 | K13: 0 | L13: 0 | M13: 0 | N13: 0 | O13: 0 | P13: 0 | Q13: 0
A14: Staff AVG | B14: CONTRACTOR | C14: 0 | D14: 0 | E14: 0 | F14: 0 | G14: 0 | H14: 0 | I14: 0 | J14: 0 | K14: 0 | L14: 0 | M14: 0 | N14: 0 | O14: 0 | P14: 0 | Q14: 0
A15: 0 | B15: CONTRACTOR | C15: 0 | D15: 0 | E15: 0 | F15: 0 | G15: 0 | H15: 0 | I15: 0 | J15: 0 | K15: 0 | L15: 0 | M15: 0 | N15: 0 | O15: 0 | P15: 0 | Q15: 0
A17: Grand Total | B17: OUTSOURCE | C17: 0 | D17: 0 | E17: 0 | F17: 0 | G17: 0 | H17: 0 | I17: 0 | J17: 0 | K17: 0 | L17: 0 | M17: 0 | N17: 0 | O17: 0 | P17: 0 | Q17: 0
A18: Staff AVG | B18: OUTSOURCE | C18: 0 | D18: 0 | E18: 0 | F18: 0 | G18: 0 | H18: 0 | I18: 0 | J18: 0 | K18: 0 | L18: 0 | M18: 0 | N18: 0 | O18: 0 | P18: 0 | Q18: 0
A19: 0 | B19: OUTSOURCE | C19: 0 | D19: 0 | E19: 0 | F19: 0 | G19: 0 | H19: 0 | I19: 0 | J19: 0 | K19: 0 | L19: 0 | M19: 0 | N19: 0 | O19: 0 | P19: 0 | Q19: 0
B31: Type | C31: Q1 | D31: Q2 | E31: Q3 | F31: Q4 | G31: Q1'27
A32: AIC | B32: Staff | C32: 23 | D32: 20 | E32: 19 | F32: 19 | G32: 19
A33: AIC | B33: Staff AVG | C33: 20 | D33: 19 | E33: 19 | F33: 19 | G33: 19
A34: AIC | B34: Plan | C34: 17 | D34: 18 | E34: 15 | F34: 14 | G34: 12
C35: 0.2793 | D35: 0.0997 | E35: 0.2076 | F35: 0.2885 | G35: 0.3797
B36: % Plan | C36: 0.7207 | D36: 0.9003 | E36: 0.7924 | F36: 0.7115 | G36: 0.6203
B37: Available FTE | C37: 6 | D37: 2 | E37: 4 | F37: 5 | G37: 7
A39: Staff | B39: PAYROLL | C39: 23 | D39: 20 | E39: 19 | F39: 19 | G39: 19
A40: Staff AVG | B40: PAYROLL | C40: 20 | D40: 19 | E40: 19 | F40: 19 | G40: 19
A41: Plan | B41: PAYROLL | C41: 17 | D41: 18 | E41: 15 | F41: 14 | G41: 12
A43: Grand Total | B43: CONTRACTOR | C43: 0 | D43: 0 | E43: 0 | F43: 0 | G43: 0
A44: Staff AVG | B44: CONTRACTOR | C44: 0 | D44: 0 | E44: 0 | F44: 0 | G44: 0
A45: 0 | B45: CONTRACTOR | C45: 0 | D45: 0 | E45: 0 | F45: 0 | G45: 0
A47: Grand Total | B47: OUTSOURCE | C47: 0 | D47: 0 | E47: 0 | F47: 0 | G47: 0
A48: Staff AVG | B48: OUTSOURCE | C48: 0 | D48: 0 | E48: 0 | F48: 0 | G48: 0
A49: 0 | B49: OUTSOURCE | C49: 0 | D49: 0 | E49: 0 | F49: 0 | G49: 0
A61: Section | C61: JAN | D61: FEB | E61: MAR | F61: APR | G61: MAY | H61: JUN | I61: JUL | J61: AUG | K61: SEP | L61: OCT | M61: NOV | N61: DEC | O61: JAN'27 | P61: FEB'27 | Q61: MAR'27
B62: Staff | C62: 24 | D62: 23 | E62: 22 | F62: 21 | G62: 20 | H62: 20 | I62: 19 | J62: 19 | K62: 19 | L62: 19 | M62: 19 | N62: 19 | O62: 19 | P62: 19 | Q62: 19
B63: Plan | C63: 15.9125 | D63: 17.340625 | E63: 16.478125 | F63: 18.563125 | G63: 18.393125 | H63: 17.963125 | I63: 15.8225 | J63: 14.9725 | K63: 14.3725 | L63: 13.585 | M63: 13.635 | N63: 13.335 | O63: 8.385 | P63: 8.385 | Q63: 8.385
A64: AI Research & Alliance | B64: Staff | C64: 4 | D64: 4 | E64: 3 | F64: 3 | G64: 3 | H64: 3 | I64: 3 | J64: 3 | K64: 3 | L64: 3 | M64: 3 | N64: 3 | O64: 3 | P64: 3 | Q64: 3
A65: AI Research & Alliance | B65: Plan | C65: 2.8 | D65: 2.8 | E65: 2.8 | F65: 2.9 | G65: 2.9 | H65: 2.9 | I65: 2.9 | J65: 2.9 | K65: 2.9 | L65: 2.9 | M65: 2.9 | N65: 2.9 | O65: 2.9 | P65: 2.9 | Q65: 2.9
A66: AIET AI Engineering | B66: Staff | C66: 8 | D66: 8 | E66: 8 | F66: 8 | G66: 8 | H66: 8 | I66: 8 | J66: 8 | K66: 8 | L66: 8 | M66: 8 | N66: 8 | O66: 8 | P66: 8 | Q66: 8
A67: AIET AI Engineering | B67: Plan | C67: 5.2125 | D67: 6.240625 | E67: 6.140625 | F67: 7.013125 | G67: 7.088125 | H67: 6.988125 | I67: 5.3475 | J67: 5.1475 | K67: 5.1475 | L67: 4.11 | M67: 4.11 | N67: 4.11 | O67: 3.685 | P67: 3.685 | Q67: 3.685
A68: AIET IoT Engineering | B68: Staff | C68: 7 | D68: 6 | E68: 6 | F68: 6 | G68: 6 | H68: 6 | I68: 5 | J68: 5 | K68: 5 | L68: 5 | M68: 5 | N68: 5 | O68: 5 | P68: 5 | Q68: 5
A69: AIET IoT Engineering | B69: Plan | C69: 4.2 | D69: 4.5 | E69: 4.15 | F69: 5.05 | G69: 5.3 | H69: 4.95 | I69: 4.45 | J69: 3.8 | K69: 3.75 | L69: 3.7 | M69: 3.7 | N69: 3.7 | O69: 1.4 | P69: 1.4 | Q69: 1.4
A70: AIET Spatial AI Engineering | B70: Staff | C70: 4 | D70: 4 | E70: 4 | F70: 4 | G70: 3 | H70: 3 | I70: 3 | J70: 3 | K70: 3 | L70: 3 | M70: 3 | N70: 3 | O70: 3 | P70: 3 | Q70: 3
A71: AIET Spatial AI Engineering | B71: Plan | C71: 3.1 | D71: 3.2 | E71: 2.9875 | F71: 3.6 | G71: 3.105 | H71: 3.125 | I71: 3.125 | J71: 3.125 | K71: 2.575 | L71: 2.875 | M71: 2.925 | N71: 2.625 | O71: 0.4 | P71: 0.4 | Q71: 0.4
A72: Product Innovation | B72: Staff | C72: 1 | D72: 1 | E72: 1 | F72: 0 | G72: 0 | H72: 0 | I72: 0 | J72: 0 | K72: 0 | L72: 0 | M72: 0 | N72: 0 | O72: 0 | P72: 0 | Q72: 0
A73: Product Innovation | B73: Plan | C73: 0.6 | D73: 0.6 | E73: 0.4 | F73: 0 | G73: 0 | H73: 0 | I73: 0 | J73: 0 | K73: 0 | L73: 0 | M73: 0 | N73: 0 | O73: 0 | P73: 0 | Q73: 0

Sheet GraphAIC
B1: =IF(AIC!C1>0,AIC!C1,"") -> JAN | C1: =IF(AIC!D1>0,AIC!D1,"") -> FEB | D1: =IF(AIC!E1>0,AIC!E1,"") -> MAR | E1: =IF(AIC!F1>0,AIC!F1,"") -> APR | F1: =IF(AIC!G1>0,AIC!G1,"") -> MAY | G1: =IF(AIC!H1>0,AIC!H1,"") -> JUN | H1: =IF(AIC!I1>0,AIC!I1,"") -> JUL | I1: =IF(AIC!J1>0,AIC!J1,"") -> AUG | ... P1: =IF(AIC!Q1>0,AIC!Q1,"") -> MAR'27
A2: =IF(AIC!B2>0,AIC!B2,"") -> Staff | B2: =IF(AIC!C2>0,AIC!C2,"") -> 24 | C2: =IF(AIC!D2>0,AIC!D2,"") -> 23 | D2: =IF(AIC!E2>0,AIC!E2,"") -> 22 | E2: =IF(AIC!F2>0,AIC!F2,"") -> 21 | F2: =IF(AIC!G2>0,AIC!G2,"") -> 20 | G2: =IF(AIC!H2>0,AIC!H2,"") -> 20 | H2: =IF(AIC!I2>0,AIC!I2,"") -> 19 | ... P2: =IF(AIC!Q2>0,AIC!Q2,"") -> 19
A3: =IF(AIC!B3>0,AIC!B3,"") -> Staff AVG | B3: =IF(AIC!C3>0,AIC!C3,"") -> 20 | C3: =IF(AIC!D3>0,AIC!D3,"") -> 20 | D3: =IF(AIC!E3>0,AIC!E3,"") -> 20 | E3: =IF(AIC!F3>0,AIC!F3,"") -> 20 | F3: =IF(AIC!G3>0,AIC!G3,"") -> 20 | G3: =IF(AIC!H3>0,AIC!H3,"") -> 20 | H3: =IF(AIC!I3>0,AIC!I3,"") -> 20 | ... P3: =IF(AIC!Q3>0,AIC!Q3,"") -> 20
A4: =IF(AIC!B4>0,AIC!B4,"") -> Plan | B4: =IF(AIC!C4>0,AIC!C4,"") -> 16 | C4: =IF(AIC!D4>0,AIC!D4,"") -> 17 | D4: =IF(AIC!E4>0,AIC!E4,"") -> 16 | E4: =IF(AIC!F4>0,AIC!F4,"") -> 19 | F4: =IF(AIC!G4>0,AIC!G4,"") -> 18 | G4: =IF(AIC!H4>0,AIC!H4,"") -> 18 | H4: =IF(AIC!I4>0,AIC!I4,"") -> 16 | ... P4: =IF(AIC!Q4>0,AIC!Q4,"") -> 8
A5: =IF(AIC!B11>0,AIC!B11,"") -> PAYROLL | B5: =IF(AIC!C11>0,AIC!C11,"") -> 16 | C5: =IF(AIC!D11>0,AIC!D11,"") -> 17 | D5: =IF(AIC!E11>0,AIC!E11,"") -> 16 | E5: =IF(AIC!F11>0,AIC!F11,"") -> 19 | F5: =IF(AIC!G11>0,AIC!G11,"") -> 18 | G5: =IF(AIC!H11>0,AIC!H11,"") -> 18 | H5: =IF(AIC!I11>0,AIC!I11,"") -> 16 | ... P5: =IF(AIC!Q11>0,AIC!Q11,"") -> 8
A6: =IF(AIC!B15>0,AIC!B15,"") -> CONTRACTOR | B6: =IF(AIC!C15>0,AIC!C15,"") | C6: =IF(AIC!D15>0,AIC!D15,"") | D6: =IF(AIC!E15>0,AIC!E15,"") | E6: =IF(AIC!F15>0,AIC!F15,"") | F6: =IF(AIC!G15>0,AIC!G15,"") | G6: =IF(AIC!H15>0,AIC!H15,"") | H6: =IF(AIC!I15>0,AIC!I15,"") | ... P6: =IF(AIC!Q15>0,AIC!Q15,"")
A7: =IF(AIC!B19>0,AIC!B19,"") -> OUTSOURCE | B7: =IF(AIC!C19>0,AIC!C19,"") | C7: =IF(AIC!D19>0,AIC!D19,"") | D7: =IF(AIC!E19>0,AIC!E19,"") | E7: =IF(AIC!F19>0,AIC!F19,"") | F7: =IF(AIC!G19>0,AIC!G19,"") | G7: =IF(AIC!H19>0,AIC!H19,"") | H7: =IF(AIC!I19>0,AIC!I19,"") | ... P7: =IF(AIC!Q19>0,AIC!Q19,"")
B11: =IF(AIC!C1>0,AIC!C1,"") -> JAN | C11: =IF(AIC!D1>0,AIC!D1,"") -> FEB | D11: =IF(AIC!E1>0,AIC!E1,"") -> MAR | E11: =IF(AIC!F1>0,AIC!F1,"") -> APR | F11: =IF(AIC!G1>0,AIC!G1,"") -> MAY | G11: =IF(AIC!H1>0,AIC!H1,"") -> JUN | H11: =IF(AIC!I1>0,AIC!I1,"") -> JUL | I11: =IF(AIC!J1>0,AIC!J1,"") -> AUG | ... P11: =IF(AIC!Q1>0,AIC!Q1,"") -> MAR'27
A12: =IF(AIC!B2>0,AIC!B2,"") -> Staff | B12: =IF(AIC!C9>0,AIC!C9,"") -> 24 | C12: =IF(AIC!D9>0,AIC!D9,"") -> 23 | D12: =IF(AIC!E9>0,AIC!E9,"") -> 22 | E12: =IF(AIC!F9>0,AIC!F9,"") -> 21 | F12: =IF(AIC!G9>0,AIC!G9,"") -> 20 | G12: =IF(AIC!H9>0,AIC!H9,"") -> 20 | H12: =IF(AIC!I9>0,AIC!I9,"") -> 19 | I12: =IF(AIC!J9>0,AIC!J9,"") -> 19 | ... P12: =IF(AIC!Q9>0,AIC!Q9,"") -> 19
A13: =IF(AIC!B3>0,AIC!B3,"") -> Staff AVG | B13: =IF(AIC!C10>0,AIC!C10,"") -> 20 | C13: =IF(AIC!D10>0,AIC!D10,"") -> 20 | D13: =IF(AIC!E10>0,AIC!E10,"") -> 20 | E13: =IF(AIC!F10>0,AIC!F10,"") -> 19 | F13: =IF(AIC!G10>0,AIC!G10,"") -> 19 | G13: =IF(AIC!H10>0,AIC!H10,"") -> 19 | H13: =IF(AIC!I10>0,AIC!I10,"") -> 19 | I13: =IF(AIC!J10>0,AIC!J10,"") -> 19 | ... P13: =IF(AIC!Q10>0,AIC!Q10,"") -> 19
A14: =IF(AIC!B4>0,AIC!B4,"") -> Plan | B14: =IF(AIC!C11>0,AIC!C11,"") -> 16 | C14: =IF(AIC!D11>0,AIC!D11,"") -> 17 | D14: =IF(AIC!E11>0,AIC!E11,"") -> 16 | E14: =IF(AIC!F11>0,AIC!F11,"") -> 19 | F14: =IF(AIC!G11>0,AIC!G11,"") -> 18 | G14: =IF(AIC!H11>0,AIC!H11,"") -> 18 | H14: =IF(AIC!I11>0,AIC!I11,"") -> 16 | I14: =IF(AIC!J11>0,AIC!J11,"") -> 15 | ... P14: =IF(AIC!Q11>0,AIC!Q11,"") -> 8
B21: =IF(AIC!C1>0,AIC!C1,"") -> JAN | C21: =IF(AIC!D1>0,AIC!D1,"") -> FEB | D21: =IF(AIC!E1>0,AIC!E1,"") -> MAR | E21: =IF(AIC!F1>0,AIC!F1,"") -> APR | F21: =IF(AIC!G1>0,AIC!G1,"") -> MAY | G21: =IF(AIC!H1>0,AIC!H1,"") -> JUN | H21: =IF(AIC!I1>0,AIC!I1,"") -> JUL | I21: =IF(AIC!J1>0,AIC!J1,"") -> AUG | ... P21: =IF(AIC!Q1>0,AIC!Q1,"") -> MAR'27
A22: =IF(AIC!B2>0,AIC!B2,"") -> Staff | B22: =AIC!C13 -> 0 | C22: =AIC!D13 -> 0 | D22: =AIC!E13 -> 0 | E22: =AIC!F13 -> 0 | F22: =AIC!G13 -> 0 | G22: =AIC!H13 -> 0 | H22: =AIC!I13 -> 0 | I22: =AIC!J13 -> 0 | ... P22: =AIC!Q13 -> 0
A23: =IF(AIC!B3>0,AIC!B3,"") -> Staff AVG | B23: =AIC!C14 -> 0 | C23: =AIC!D14 -> 0 | D23: =AIC!E14 -> 0 | E23: =AIC!F14 -> 0 | F23: =AIC!G14 -> 0 | G23: =AIC!H14 -> 0 | H23: =AIC!I14 -> 0 | I23: =AIC!J14 -> 0 | ... P23: =AIC!Q14 -> 0
A24: =IF(AIC!B4>0,AIC!B4,"") -> Plan | B24: =AIC!C15 -> 0 | C24: =AIC!D15 -> 0 | D24: =AIC!E15 -> 0 | E24: =AIC!F15 -> 0 | F24: =AIC!G15 -> 0 | G24: =AIC!H15 -> 0 | H24: =AIC!I15 -> 0 | I24: =AIC!J15 -> 0 | ... P24: =AIC!Q15 -> 0
B31: =IF(AIC!C1>0,AIC!C1,"") -> JAN | C31: =IF(AIC!D1>0,AIC!D1,"") -> FEB | D31: =IF(AIC!E1>0,AIC!E1,"") -> MAR | E31: =IF(AIC!F1>0,AIC!F1,"") -> APR | F31: =IF(AIC!G1>0,AIC!G1,"") -> MAY | G31: =IF(AIC!H1>0,AIC!H1,"") -> JUN | H31: =IF(AIC!I1>0,AIC!I1,"") -> JUL | I31: =IF(AIC!J1>0,AIC!J1,"") -> AUG | ... P31: =IF(AIC!Q1>0,AIC!Q1,"") -> MAR'27
A32: =IF(AIC!B2>0,AIC!B2,"") -> Staff | B32: =AIC!C17 -> 0 | C32: =AIC!D17 -> 0 | D32: =AIC!E17 -> 0 | E32: =AIC!F17 -> 0 | F32: =AIC!G17 -> 0 | G32: =AIC!H17 -> 0 | H32: =AIC!I17 -> 0 | I32: =AIC!J17 -> 0 | ... P32: =AIC!Q17 -> 0
A33: =IF(AIC!B3>0,AIC!B3,"") -> Staff AVG | B33: =AIC!C18 -> 0 | C33: =AIC!D18 -> 0 | D33: =AIC!E18 -> 0 | E33: =AIC!F18 -> 0 | F33: =AIC!G18 -> 0 | G33: =AIC!H18 -> 0 | H33: =AIC!I18 -> 0 | I33: =AIC!J18 -> 0 | ... P33: =AIC!Q18 -> 0
A34: =IF(AIC!B4>0,AIC!B4,"") -> Plan | B34: =AIC!C19 -> 0 | C34: =AIC!D19 -> 0 | D34: =AIC!E19 -> 0 | E34: =AIC!F19 -> 0 | F34: =AIC!G19 -> 0 | G34: =AIC!H19 -> 0 | H34: =AIC!I19 -> 0 | I34: =AIC!J19 -> 0 | ... P34: =AIC!Q19 -> 0
B41: =IF(AIC!C31>0,AIC!C31,"") -> Q1 | C41: =IF(AIC!D31>0,AIC!D31,"") -> Q2 | D41: =IF(AIC!E31>0,AIC!E31,"") -> Q3 | E41: =IF(AIC!F31>0,AIC!F31,"") -> Q4 | F41: =IF(AIC!G31>0,AIC!G31,"") -> Q1'27
A42: =IF(AIC!B32>0,AIC!B32,"") -> Staff | B42: =IF(AIC!C32>0,AIC!C32,"") -> 23 | C42: =IF(AIC!D32>0,AIC!D32,"") -> 20 | D42: =IF(AIC!E32>0,AIC!E32,"") -> 19 | E42: =IF(AIC!F32>0,AIC!F32,"") -> 19 | F42: =IF(AIC!G32>0,AIC!G32,"") -> 19
A43: =IF(AIC!B33>0,AIC!B33,"") -> Staff AVG | B43: =IF(AIC!C33>0,AIC!C33,"") -> 20 | C43: =IF(AIC!D33>0,AIC!D33,"") -> 19 | D43: =IF(AIC!E33>0,AIC!E33,"") -> 19 | E43: =IF(AIC!F33>0,AIC!F33,"") -> 19 | F43: =IF(AIC!G33>0,AIC!G33,"") -> 19
A44: =IF(AIC!B34>0,AIC!B34,"") -> Plan | B44: =IF(AIC!C34>0,AIC!C34,"") -> 17 | C44: =IF(AIC!D34>0,AIC!D34,"") -> 18 | D44: =IF(AIC!E34>0,AIC!E34,"") -> 15 | E44: =IF(AIC!F34>0,AIC!F34,"") -> 14 | F44: =IF(AIC!G34>0,AIC!G34,"") -> 12
A45: =IF(AIC!B41>0,AIC!B41,"") -> PAYROLL | B45: =IF(AIC!C41>0,AIC!C41,"") -> 17 | C45: =IF(AIC!D41>0,AIC!D41,"") -> 18 | D45: =IF(AIC!E41>0,AIC!E41,"") -> 15 | E45: =IF(AIC!F41>0,AIC!F41,"") -> 14 | F45: =IF(AIC!G41>0,AIC!G41,"") -> 12
A46: =IF(AIC!B45>0,AIC!B45,"") -> CONTRACTOR | B46: =IF(AIC!C45>0,AIC!C45,"") | C46: =IF(AIC!D45>0,AIC!D45,"") | D46: =IF(AIC!E45>0,AIC!E45,"") | E46: =IF(AIC!F45>0,AIC!F45,"") | F46: =IF(AIC!G45>0,AIC!G45,"")
A47: =IF(AIC!B49>0,AIC!B49,"") -> OUTSOURCE | B47: =IF(AIC!C49>0,AIC!C49,"") | C47: =IF(AIC!D49>0,AIC!D49,"") | D47: =IF(AIC!E49>0,AIC!E49,"") | E47: =IF(AIC!F49>0,AIC!F49,"") | F47: =IF(AIC!G49>0,AIC!G49,"")
A51: =AIC!A64 -> AI Research & Alliance | B51: =AIC!C$61 -> JAN | C51: =AIC!D$61 -> FEB | D51: =AIC!E$61 -> MAR | E51: =AIC!F$61 -> APR | F51: =AIC!G$61 -> MAY | G51: =AIC!H$61 -> JUN | H51: =AIC!I$61 -> JUL | I51: =AIC!J$61 -> AUG | ... P51: =AIC!Q$61 -> MAR'27
A52: =IF(AIC!B64>0,AIC!B64,"") -> Staff | B52: =IF(AIC!C64>0,AIC!C64,"") -> 4 | C52: =IF(AIC!D64>0,AIC!D64,"") -> 4 | D52: =IF(AIC!E64>0,AIC!E64,"") -> 3 | E52: =IF(AIC!F64>0,AIC!F64,"") -> 3 | F52: =IF(AIC!G64>0,AIC!G64,"") -> 3 | G52: =IF(AIC!H64>0,AIC!H64,"") -> 3 | H52: =IF(AIC!I64>0,AIC!I64,"") -> 3 | ... P52: =IF(AIC!Q64>0,AIC!Q64,"") -> 3
A53: =IF(AIC!B65>0,AIC!B65,"") -> Plan | B53: =IF(AIC!C65>0,AIC!C65,"") -> 2.8 | C53: =IF(AIC!D65>0,AIC!D65,"") -> 2.8 | D53: =IF(AIC!E65>0,AIC!E65,"") -> 2.8 | E53: =IF(AIC!F65>0,AIC!F65,"") -> 2.9 | F53: =IF(AIC!G65>0,AIC!G65,"") -> 2.9 | G53: =IF(AIC!H65>0,AIC!H65,"") -> 2.9 | H53: =IF(AIC!I65>0,AIC!I65,"") -> 2.9 | ... P53: =IF(AIC!Q65>0,AIC!Q65,"") -> 2.9
A61: =AIC!A66 -> AIET AI Engineering | B61: =AIC!C$61 -> JAN | C61: =AIC!D$61 -> FEB | D61: =AIC!E$61 -> MAR | E61: =AIC!F$61 -> APR | F61: =AIC!G$61 -> MAY | G61: =AIC!H$61 -> JUN | H61: =AIC!I$61 -> JUL | I61: =AIC!J$61 -> AUG | ... P61: =AIC!Q$61 -> MAR'27
A62: =AIC!B66 -> Staff | B62: =AIC!C66 -> 8 | C62: =AIC!D66 -> 8 | D62: =AIC!E66 -> 8 | E62: =AIC!F66 -> 8 | F62: =AIC!G66 -> 8 | G62: =AIC!H66 -> 8 | H62: =AIC!I66 -> 8 | ... P62: =AIC!Q66 -> 8
A63: =AIC!B67 -> Plan | B63: =AIC!C67 -> 5.2125 | C63: =AIC!D67 -> 6.240625 | D63: =AIC!E67 -> 6.140625 | E63: =AIC!F67 -> 7.013125 | F63: =AIC!G67 -> 7.088125 | G63: =AIC!H67 -> 6.988125 | H63: =AIC!I67 -> 5.3475 | ... P63: =AIC!Q67 -> 3.685
A71: =AIC!A68 -> AIET IoT Engineering | B71: =AIC!C$61 -> JAN | C71: =AIC!D$61 -> FEB | D71: =AIC!E$61 -> MAR | E71: =AIC!F$61 -> APR | F71: =AIC!G$61 -> MAY | G71: =AIC!H$61 -> JUN | H71: =AIC!I$61 -> JUL | I71: =AIC!J$61 -> AUG | ... P71: =AIC!Q$61 -> MAR'27
A72: =AIC!B68 -> Staff | B72: =AIC!C68 -> 7 | C72: =AIC!D68 -> 6 | D72: =AIC!E68 -> 6 | E72: =AIC!F68 -> 6 | F72: =AIC!G68 -> 6 | G72: =AIC!H68 -> 6 | H72: =AIC!I68 -> 5 | ... P72: =AIC!Q68 -> 5
A73: =AIC!B69 -> Plan | B73: =AIC!C69 -> 4.2 | C73: =AIC!D69 -> 4.5 | D73: =AIC!E69 -> 4.15 | E73: =AIC!F69 -> 5.05 | F73: =AIC!G69 -> 5.3 | G73: =AIC!H69 -> 4.95 | H73: =AIC!I69 -> 4.45 | ... P73: =AIC!Q69 -> 1.4
A81: =AIC!A70 -> AIET Spatial AI Engineering | B81: =AIC!C$61 -> JAN | C81: =AIC!D$61 -> FEB | D81: =AIC!E$61 -> MAR | E81: =AIC!F$61 -> APR | F81: =AIC!G$61 -> MAY | G81: =AIC!H$61 -> JUN | H81: =AIC!I$61 -> JUL | I81: =AIC!J$61 -> AUG | ... P81: =AIC!Q$61 -> MAR'27
A82: =AIC!B70 -> Staff | B82: =AIC!C70 -> 4 | C82: =AIC!D70 -> 4 | D82: =AIC!E70 -> 4 | E82: =AIC!F70 -> 4 | F82: =AIC!G70 -> 3 | G82: =AIC!H70 -> 3 | H82: =AIC!I70 -> 3 | ... P82: =AIC!Q70 -> 3
A83: =AIC!B71 -> Plan | B83: =AIC!C71 -> 3.1 | C83: =AIC!D71 -> 3.2 | D83: =AIC!E71 -> 2.9875 | E83: =AIC!F71 -> 3.6 | F83: =AIC!G71 -> 3.105 | G83: =AIC!H71 -> 3.125 | H83: =AIC!I71 -> 3.125 | ... P83: =AIC!Q71 -> 0.4
A91: =AIC!A72 -> Product Innovation | B91: =AIC!C$61 -> JAN | C91: =AIC!D$61 -> FEB | D91: =AIC!E$61 -> MAR | E91: =AIC!F$61 -> APR | F91: =AIC!G$61 -> MAY | G91: =AIC!H$61 -> JUN | H91: =AIC!I$61 -> JUL | I91: =AIC!J$61 -> AUG | ... P91: =AIC!Q$61 -> MAR'27
A92: =AIC!B72 -> Staff | B92: =AIC!C72 -> 1 | C92: =AIC!D72 -> 1 | D92: =AIC!E72 -> 1 | E92: =AIC!F72 -> 0 | F92: =AIC!G72 -> 0 | G92: =AIC!H72 -> 0 | H92: =AIC!I72 -> 0 | ... P92: =AIC!Q72 -> 0
A93: =AIC!B73 -> Plan | B93: =AIC!C73 -> 0.6 | C93: =AIC!D73 -> 0.6 | D93: =AIC!E73 -> 0.4 | E93: =AIC!F73 -> 0 | F93: =AIC!G73 -> 0 | G93: =AIC!H73 -> 0 | H93: =AIC!I73 -> 0 | ... P93: =AIC!Q73 -> 0
B151: =AIC!C1 -> JAN | C151: =AIC!D1 -> FEB | D151: =AIC!E1 -> MAR | E151: =AIC!F1 -> APR | F151: =AIC!G1 -> MAY | G151: =AIC!H1 -> JUN | H151: =AIC!I1 -> JUL | I151: =AIC!J1 -> AUG | ... P151: =AIC!Q1 -> MAR'27
A152: =AIC!B6 -> % Plan | B152: =AIC!C6 -> 0.663 | C152: =AIC!D6 -> 0.7539 | D152: =AIC!E6 -> 0.749 | E152: =AIC!F6 -> 0.884 | F152: =AIC!G6 -> 0.9197 | G152: =AIC!H6 -> 0.8982 | H152: =AIC!I6 -> 0.8328 | ... P152: =AIC!Q6 -> 0.4413
A153: =AIC!B7 -> Available FTE | B153: =AIC!C7 -> 8 | C153: =AIC!D7 -> 6 | D153: =AIC!E7 -> 6 | E153: =AIC!F7 -> 2 | F153: =AIC!G7 -> 2 | G153: =AIC!H7 -> 2 | H153: =AIC!I7 -> 3 | ... P153: =AIC!Q7 -> 11

Sheet TDE
B1: Type | C1: JAN | D1: FEB | E1: MAR | F1: APR | G1: MAY | H1: JUN | I1: JUL | J1: AUG | K1: SEP | L1: OCT | M1: NOV | N1: DEC | O1: JAN'27 | P1: FEB'27 | Q1: MAR'27
A2: TDE | B2: Staff | C2: 15 | D2: 15 | E2: 15 | F2: 16 | G2: 16 | H2: 16 | I2: 16 | J2: 16 | K2: 16 | L2: 16 | M2: 16 | N2: 16 | O2: 16 | P2: 16 | Q2: 16
A3: TDE | B3: Staff AVG | C3: 16 | D3: 16 | E3: 16 | F3: 16 | G3: 16 | H3: 16 | I3: 16 | J3: 16 | K3: 16 | L3: 16 | M3: 16 | N3: 16 | O3: 16 | P3: 16 | Q3: 16
A4: TDE | B4: Plan | C4: 15 | D4: 15 | E4: 15 | F4: 16 | G4: 16 | H4: 16 | I4: 16 | J4: 16 | K4: 16 | L4: 16 | M4: 16 | N4: 16 | O4: 16 | P4: 16 | Q4: 16
B6: % Plan | C6: 1 | D6: 1 | E6: 1 | F6: 1 | G6: 1 | H6: 1 | I6: 1 | J6: 1 | K6: 1 | L6: 1 | M6: 1 | N6: 1 | O6: 1 | P6: 1 | Q6: 1
B7: Available FTE | C7: 0 | D7: 0 | E7: 0 | F7: 0 | G7: 0 | H7: 0 | I7: 0 | J7: 0 | K7: 0 | L7: 0 | M7: 0 | N7: 0 | O7: 0 | P7: 0 | Q7: 0
A9: Staff | B9: PAYROLL | C9: 13 | D9: 13 | E9: 13 | F9: 14 | G9: 14 | H9: 14 | I9: 14 | J9: 14 | K9: 14 | L9: 14 | M9: 14 | N9: 14 | O9: 14 | P9: 14 | Q9: 14
A10: Staff AVG | B10: PAYROLL | C10: 14 | D10: 14 | E10: 14 | F10: 14 | G10: 14 | H10: 14 | I10: 14 | J10: 14 | K10: 14 | L10: 14 | M10: 14 | N10: 14 | O10: 14 | P10: 14 | Q10: 14
A11: Plan | B11: PAYROLL | C11: 13 | D11: 13 | E11: 13 | F11: 14 | G11: 14 | H11: 14 | I11: 14 | J11: 14 | K11: 14 | L11: 14 | M11: 14 | N11: 14 | O11: 14 | P11: 14 | Q11: 14
A13: Staff | B13: CONTRACTOR | C13: 2 | D13: 2 | E13: 2 | F13: 2 | G13: 2 | H13: 2 | I13: 2 | J13: 2 | K13: 2 | L13: 2 | M13: 2 | N13: 2 | O13: 2 | P13: 2 | Q13: 2
A14: Staff AVG | B14: CONTRACTOR | C14: 2 | D14: 2 | E14: 2 | F14: 2 | G14: 2 | H14: 2 | I14: 2 | J14: 2 | K14: 2 | L14: 2 | M14: 2 | N14: 2 | O14: 2 | P14: 2 | Q14: 2
A15: Plan | B15: CONTRACTOR | C15: 2 | D15: 2 | E15: 2 | F15: 2 | G15: 2 | H15: 2 | I15: 2 | J15: 2 | K15: 2 | L15: 2 | M15: 2 | N15: 2 | O15: 2 | P15: 2 | Q15: 2
A17: Grand Total | B17: OUTSOURCE | C17: 0 | D17: 0 | E17: 0 | F17: 0 | G17: 0 | H17: 0 | I17: 0 | J17: 0 | K17: 0 | L17: 0 | M17: 0 | N17: 0 | O17: 0 | P17: 0 | Q17: 0
A18: Staff AVG | B18: OUTSOURCE | C18: 0 | D18: 0 | E18: 0 | F18: 0 | G18: 0 | H18: 0 | I18: 0 | J18: 0 | K18: 0 | L18: 0 | M18: 0 | N18: 0 | O18: 0 | P18: 0 | Q18: 0
A19: 0 | B19: OUTSOURCE | C19: 0 | D19: 0 | E19: 0 | F19: 0 | G19: 0 | H19: 0 | I19: 0 | J19: 0 | K19: 0 | L19: 0 | M19: 0 | N19: 0 | O19: 0 | P19: 0 | Q19: 0
B31: Type | C31: Q1 | D31: Q2 | E31: Q3 | F31: Q4 | G31: Q1'27
A32: TDE | B32: Staff | C32: 15 | D32: 16 | E32: 16 | F32: 16 | G32: 16
A33: TDE | B33: Staff AVG | C33: 16 | D33: 16 | E33: 16 | F33: 16 | G33: 16
A34: TDE | B34: Plan | C34: 15 | D34: 16 | E34: 16 | F34: 16 | G34: 16
C35: 0 | D35: 0 | E35: 0 | F35: 0 | G35: 0
B36: % Plan | C36: 1 | D36: 1 | E36: 1 | F36: 1 | G36: 1
B37: Available FTE | C37: 0 | D37: 0 | E37: 0 | F37: 0 | G37: 0
A39: Staff | B39: PAYROLL | C39: 13 | D39: 14 | E39: 14 | F39: 14 | G39: 14
A40: Staff AVG | B40: PAYROLL | C40: 14 | D40: 14 | E40: 14 | F40: 14 | G40: 14
A41: Plan | B41: PAYROLL | C41: 13 | D41: 14 | E41: 14 | F41: 14 | G41: 14
A43: Staff | B43: CONTRACTOR | C43: 2 | D43: 2 | E43: 2 | F43: 2 | G43: 2
A44: Staff AVG | B44: CONTRACTOR | C44: 2 | D44: 2 | E44: 2 | F44: 2 | G44: 2
A45: Plan | B45: CONTRACTOR | C45: 2 | D45: 2 | E45: 2 | F45: 2 | G45: 2
A47: Grand Total | B47: OUTSOURCE | C47: 0 | D47: 0 | E47: 0 | F47: 0 | G47: 0
A48: Staff AVG | B48: OUTSOURCE | C48: 0 | D48: 0 | E48: 0 | F48: 0 | G48: 0
A49: 0 | B49: OUTSOURCE | C49: 0 | D49: 0 | E49: 0 | F49: 0 | G49: 0
A61: Section | C61: JAN | D61: FEB | E61: MAR | F61: APR | G61: MAY | H61: JUN | I61: JUL | J61: AUG | K61: SEP | L61: OCT | M61: NOV | N61: DEC | O61: JAN'27 | P61: FEB'27 | Q61: MAR'27
B62: Staff | C62: 15 | D62: 15 | E62: 15 | F62: 16 | G62: 16 | H62: 16 | I62: 16 | J62: 16 | K62: 16 | L62: 16 | M62: 16 | N62: 16 | O62: 16 | P62: 16 | Q62: 16
B63: Plan | C63: 15 | D63: 15 | E63: 15 | F63: 16 | G63: 16 | H63: 16 | I63: 16 | J63: 16 | K63: 16 | L63: 16 | M63: 16 | N63: 16 | O63: 16 | P63: 16 | Q63: 16
A64: Talent & Digital Enablement | B64: Staff | C64: 1 | D64: 1 | E64: 1 | F64: 1 | G64: 1 | H64: 1 | I64: 1 | J64: 1 | K64: 1 | L64: 1 | M64: 1 | N64: 1 | O64: 1 | P64: 1 | Q64: 1
A65: Talent & Digital Enablement | B65: Plan | C65: 1 | D65: 1 | E65: 1 | F65: 1 | G65: 1 | H65: 1 | I65: 1 | J65: 1 | K65: 1 | L65: 1 | M65: 1 | N65: 1 | O65: 1 | P65: 1 | Q65: 1
A66: Financial Management | B66: Staff | C66: 4 | D66: 4 | E66: 4 | F66: 4 | G66: 4 | H66: 4 | I66: 4 | J66: 4 | K66: 4 | L66: 4 | M66: 4 | N66: 4 | O66: 4 | P66: 4 | Q66: 4
A67: Financial Management | B67: Plan | C67: 4 | D67: 4 | E67: 4 | F67: 4 | G67: 4 | H67: 4 | I67: 4 | J67: 4 | K67: 4 | L67: 4 | M67: 4 | N67: 4 | O67: 4 | P67: 4 | Q67: 4
A68: Resource Management | B68: Staff | C68: 5 | D68: 5 | E68: 5 | F68: 5 | G68: 5 | H68: 5 | I68: 5 | J68: 5 | K68: 5 | L68: 5 | M68: 5 | N68: 5 | O68: 5 | P68: 5 | Q68: 5
A69: Resource Management | B69: Plan | C69: 5 | D69: 5 | E69: 5 | F69: 5 | G69: 5 | H69: 5 | I69: 5 | J69: 5 | K69: 5 | L69: 5 | M69: 5 | N69: 5 | O69: 5 | P69: 5 | Q69: 5
A70: Resource Management:TH | B70: Staff | C70: 4 | D70: 4 | E70: 4 | F70: 4 | G70: 4 | H70: 4 | I70: 4 | J70: 4 | K70: 4 | L70: 4 | M70: 4 | N70: 4 | O70: 4 | P70: 4 | Q70: 4
A71: Resource Management:TH | B71: Plan | C71: 4 | D71: 4 | E71: 4 | F71: 4 | G71: 4 | H71: 4 | I71: 4 | J71: 4 | K71: 4 | L71: 4 | M71: 4 | N71: 4 | O71: 4 | P71: 4 | Q71: 4
A72: Resource Management:CT | B72: Staff | C72: 1 | D72: 1 | E72: 1 | F72: 1 | G72: 1 | H72: 1 | I72: 1 | J72: 1 | K72: 1 | L72: 1 | M72: 1 | N72: 1 | O72: 1 | P72: 1 | Q72: 1
A73: Resource Management:CT | B73: Plan | C73: 1 | D73: 1 | E73: 1 | F73: 1 | G73: 1 | H73: 1 | I73: 1 | J73: 1 | K73: 1 | L73: 1 | M73: 1 | N73: 1 | O73: 1 | P73: 1 | Q73: 1
A74: Talent Experience & Development | B74: Staff | C74: 3 | D74: 3 | E74: 3 | F74: 3 | G74: 3 | H74: 3 | I74: 3 | J74: 3 | K74: 3 | L74: 3 | M74: 3 | N74: 3 | O74: 3 | P74: 3 | Q74: 3
A75: Talent Experience & Development | B75: Plan | C75: 3 | D75: 3 | E75: 3 | F75: 3 | G75: 3 | H75: 3 | I75: 3 | J75: 3 | K75: 3 | L75: 3 | M75: 3 | N75: 3 | O75: 3 | P75: 3 | Q75: 3
... A81: Center of Excellences | B81: Plan | C81: 2 | D81: 2 | E81: 2 | F81: 3 | G81: 3 | H81: 3 | I81: 3 | J81: 3 | K81: 3 | L81: 3 | M81: 3 | N81: 3 | O81: 3 | P81: 3 | Q81: 3

Sheet GraphTDE
B1: =IF(TDE!C1>0,TDE!C1,"") -> JAN | C1: =IF(TDE!D1>0,TDE!D1,"") -> FEB | D1: =IF(TDE!E1>0,TDE!E1,"") -> MAR | E1: =IF(TDE!F1>0,TDE!F1,"") -> APR | F1: =IF(TDE!G1>0,TDE!G1,"") -> MAY | G1: =IF(TDE!H1>0,TDE!H1,"") -> JUN | H1: =IF(TDE!I1>0,TDE!I1,"") -> JUL | I1: =IF(TDE!J1>0,TDE!J1,"") -> AUG | ... P1: =IF(TDE!Q1>0,TDE!Q1,"") -> MAR'27
A2: =IF(TDE!B2>0,TDE!B2,"") -> Staff | B2: =IF(TDE!C2>0,TDE!C2,"") -> 15 | C2: =IF(TDE!D2>0,TDE!D2,"") -> 15 | D2: =IF(TDE!E2>0,TDE!E2,"") -> 15 | E2: =IF(TDE!F2>0,TDE!F2,"") -> 16 | F2: =IF(TDE!G2>0,TDE!G2,"") -> 16 | G2: =IF(TDE!H2>0,TDE!H2,"") -> 16 | H2: =IF(TDE!I2>0,TDE!I2,"") -> 16 | ... P2: =IF(TDE!Q2>0,TDE!Q2,"") -> 16
A3: =IF(TDE!B3>0,TDE!B3,"") -> Staff AVG | B3: =IF(TDE!C3>0,TDE!C3,"") -> 16 | C3: =IF(TDE!D3>0,TDE!D3,"") -> 16 | D3: =IF(TDE!E3>0,TDE!E3,"") -> 16 | E3: =IF(TDE!F3>0,TDE!F3,"") -> 16 | F3: =IF(TDE!G3>0,TDE!G3,"") -> 16 | G3: =IF(TDE!H3>0,TDE!H3,"") -> 16 | H3: =IF(TDE!I3>0,TDE!I3,"") -> 16 | ... P3: =IF(TDE!Q3>0,TDE!Q3,"") -> 16
A4: =IF(TDE!B4>0,TDE!B4,"") -> Plan | B4: =IF(TDE!C4>0,TDE!C4,"") -> 15 | C4: =IF(TDE!D4>0,TDE!D4,"") -> 15 | D4: =IF(TDE!E4>0,TDE!E4,"") -> 15 | E4: =IF(TDE!F4>0,TDE!F4,"") -> 16 | F4: =IF(TDE!G4>0,TDE!G4,"") -> 16 | G4: =IF(TDE!H4>0,TDE!H4,"") -> 16 | H4: =IF(TDE!I4>0,TDE!I4,"") -> 16 | ... P4: =IF(TDE!Q4>0,TDE!Q4,"") -> 16
A5: =IF(TDE!B11>0,TDE!B11,"") -> PAYROLL | B5: =IF(TDE!C11>0,TDE!C11,"") -> 13 | C5: =IF(TDE!D11>0,TDE!D11,"") -> 13 | D5: =IF(TDE!E11>0,TDE!E11,"") -> 13 | E5: =IF(TDE!F11>0,TDE!F11,"") -> 14 | F5: =IF(TDE!G11>0,TDE!G11,"") -> 14 | G5: =IF(TDE!H11>0,TDE!H11,"") -> 14 | H5: =IF(TDE!I11>0,TDE!I11,"") -> 14 | ... P5: =IF(TDE!Q11>0,TDE!Q11,"") -> 14
A6: =IF(TDE!B15>0,TDE!B15,"") -> CONTRACTOR | B6: =IF(TDE!C15>0,TDE!C15,"") -> 2 | C6: =IF(TDE!D15>0,TDE!D15,"") -> 2 | D6: =IF(TDE!E15>0,TDE!E15,"") -> 2 | E6: =IF(TDE!F15>0,TDE!F15,"") -> 2 | F6: =IF(TDE!G15>0,TDE!G15,"") -> 2 | G6: =IF(TDE!H15>0,TDE!H15,"") -> 2 | H6: =IF(TDE!I15>0,TDE!I15,"") -> 2 | ... P6: =IF(TDE!Q15>0,TDE!Q15,"") -> 2
A7: =IF(TDE!B19>0,TDE!B19,"") -> OUTSOURCE | B7: =IF(TDE!C19>0,TDE!C19,"") | C7: =IF(TDE!D19>0,TDE!D19,"") | D7: =IF(TDE!E19>0,TDE!E19,"") | E7: =IF(TDE!F19>0,TDE!F19,"") | F7: =IF(TDE!G19>0,TDE!G19,"") | G7: =IF(TDE!H19>0,TDE!H19,"") | H7: =IF(TDE!I19>0,TDE!I19,"") | ... P7: =IF(TDE!Q19>0,TDE!Q19,"")
B11: =IF(TDE!C1>0,TDE!C1,"") -> JAN | C11: =IF(TDE!D1>0,TDE!D1,"") -> FEB | D11: =IF(TDE!E1>0,TDE!E1,"") -> MAR | E11: =IF(TDE!F1>0,TDE!F1,"") -> APR | F11: =IF(TDE!G1>0,TDE!G1,"") -> MAY | G11: =IF(TDE!H1>0,TDE!H1,"") -> JUN | H11: =IF(TDE!I1>0,TDE!I1,"") -> JUL | I11: =IF(TDE!J1>0,TDE!J1,"") -> AUG | ... P11: =IF(TDE!Q1>0,TDE!Q1,"") -> MAR'27
A12: =IF(TDE!B2>0,TDE!B2,"") -> Staff | B12: =IF(TDE!C9>0,TDE!C9,"") -> 13 | C12: =IF(TDE!D9>0,TDE!D9,"") -> 13 | D12: =IF(TDE!E9>0,TDE!E9,"") -> 13 | E12: =IF(TDE!F9>0,TDE!F9,"") -> 14 | F12: =IF(TDE!G9>0,TDE!G9,"") -> 14 | G12: =IF(TDE!H9>0,TDE!H9,"") -> 14 | H12: =IF(TDE!I9>0,TDE!I9,"") -> 14 | I12: =IF(TDE!J9>0,TDE!J9,"") -> 14 | ... P12: =IF(TDE!Q9>0,TDE!Q9,"") -> 14
A13: =IF(TDE!B3>0,TDE!B3,"") -> Staff AVG | B13: =IF(TDE!C10>0,TDE!C10,"") -> 14 | C13: =IF(TDE!D10>0,TDE!D10,"") -> 14 | D13: =IF(TDE!E10>0,TDE!E10,"") -> 14 | E13: =IF(TDE!F10>0,TDE!F10,"") -> 14 | F13: =IF(TDE!G10>0,TDE!G10,"") -> 14 | G13: =IF(TDE!H10>0,TDE!H10,"") -> 14 | H13: =IF(TDE!I10>0,TDE!I10,"") -> 14 | I13: =IF(TDE!J10>0,TDE!J10,"") -> 14 | ... P13: =IF(TDE!Q10>0,TDE!Q10,"") -> 14
A14: =IF(TDE!B4>0,TDE!B4,"") -> Plan | B14: =IF(TDE!C11>0,TDE!C11,"") -> 13 | C14: =IF(TDE!D11>0,TDE!D11,"") -> 13 | D14: =IF(TDE!E11>0,TDE!E11,"") -> 13 | E14: =IF(TDE!F11>0,TDE!F11,"") -> 14 | F14: =IF(TDE!G11>0,TDE!G11,"") -> 14 | G14: =IF(TDE!H11>0,TDE!H11,"") -> 14 | H14: =IF(TDE!I11>0,TDE!I11,"") -> 14 | I14: =IF(TDE!J11>0,TDE!J11,"") -> 14 | ... P14: =IF(TDE!Q11>0,TDE!Q11,"") -> 14
B21: =IF(TDE!C1>0,TDE!C1,"") -> JAN | C21: =IF(TDE!D1>0,TDE!D1,"") -> FEB | D21: =IF(TDE!E1>0,TDE!E1,"") -> MAR | E21: =IF(TDE!F1>0,TDE!F1,"") -> APR | F21: =IF(TDE!G1>0,TDE!G1,"") -> MAY | G21: =IF(TDE!H1>0,TDE!H1,"") -> JUN | H21: =IF(TDE!I1>0,TDE!I1,"") -> JUL | I21: =IF(TDE!J1>0,TDE!J1,"") -> AUG | ... P21: =IF(TDE!Q1>0,TDE!Q1,"") -> MAR'27
A22: =IF(TDE!B2>0,TDE!B2,"") -> Staff | B22: =TDE!C13 -> 2 | C22: =TDE!D13 -> 2 | D22: =TDE!E13 -> 2 | E22: =TDE!F13 -> 2 | F22: =TDE!G13 -> 2 | G22: =TDE!H13 -> 2 | H22: =TDE!I13 -> 2 | I22: =TDE!J13 -> 2 | ... P22: =TDE!Q13 -> 2
A23: =IF(TDE!B3>0,TDE!B3,"") -> Staff AVG | B23: =TDE!C14 -> 2 | C23: =TDE!D14 -> 2 | D23: =TDE!E14 -> 2 | E23: =TDE!F14 -> 2 | F23: =TDE!G14 -> 2 | G23: =TDE!H14 -> 2 | H23: =TDE!I14 -> 2 | I23: =TDE!J14 -> 2 | ... P23: =TDE!Q14 -> 2
A24: =IF(TDE!B4>0,TDE!B4,"") -> Plan | B24: =TDE!C15 -> 2 | C24: =TDE!D15 -> 2 | D24: =TDE!E15 -> 2 | E24: =TDE!F15 -> 2 | F24: =TDE!G15 -> 2 | G24: =TDE!H15 -> 2 | H24: =TDE!I15 -> 2 | I24: =TDE!J15 -> 2 | ... P24: =TDE!Q15 -> 2
B31: =IF(TDE!C1>0,TDE!C1,"") -> JAN | C31: =IF(TDE!D1>0,TDE!D1,"") -> FEB | D31: =IF(TDE!E1>0,TDE!E1,"") -> MAR | E31: =IF(TDE!F1>0,TDE!F1,"") -> APR | F31: =IF(TDE!G1>0,TDE!G1,"") -> MAY | G31: =IF(TDE!H1>0,TDE!H1,"") -> JUN | H31: =IF(TDE!I1>0,TDE!I1,"") -> JUL | I31: =IF(TDE!J1>0,TDE!J1,"") -> AUG | ... P31: =IF(TDE!Q1>0,TDE!Q1,"") -> MAR'27
A32: =IF(TDE!B2>0,TDE!B2,"") -> Staff | B32: =TDE!C17 -> 0 | C32: =TDE!D17 -> 0 | D32: =TDE!E17 -> 0 | E32: =TDE!F17 -> 0 | F32: =TDE!G17 -> 0 | G32: =TDE!H17 -> 0 | H32: =TDE!I17 -> 0 | I32: =TDE!J17 -> 0 | ... P32: =TDE!Q17 -> 0
A33: =IF(TDE!B3>0,TDE!B3,"") -> Staff AVG | B33: =TDE!C18 -> 0 | C33: =TDE!D18 -> 0 | D33: =TDE!E18 -> 0 | E33: =TDE!F18 -> 0 | F33: =TDE!G18 -> 0 | G33: =TDE!H18 -> 0 | H33: =TDE!I18 -> 0 | I33: =TDE!J18 -> 0 | ... P33: =TDE!Q18 -> 0
A34: =IF(TDE!B4>0,TDE!B4,"") -> Plan | B34: =TDE!C19 -> 0 | C34: =TDE!D19 -> 0 | D34: =TDE!E19 -> 0 | E34: =TDE!F19 -> 0 | F34: =TDE!G19 -> 0 | G34: =TDE!H19 -> 0 | H34: =TDE!I19 -> 0 | I34: =TDE!J19 -> 0 | ... P34: =TDE!Q19 -> 0
B41: =IF(TDE!C31>0,TDE!C31,"") -> Q1 | C41: =IF(TDE!D31>0,TDE!D31,"") -> Q2 | D41: =IF(TDE!E31>0,TDE!E31,"") -> Q3 | E41: =IF(TDE!F31>0,TDE!F31,"") -> Q4 | F41: =IF(TDE!G31>0,TDE!G31,"") -> Q1'27
A42: =IF(TDE!B32>0,TDE!B32,"") -> Staff | B42: =IF(TDE!C32>0,TDE!C32,"") -> 15 | C42: =IF(TDE!D32>0,TDE!D32,"") -> 16 | D42: =IF(TDE!E32>0,TDE!E32,"") -> 16 | E42: =IF(TDE!F32>0,TDE!F32,"") -> 16 | F42: =IF(TDE!G32>0,TDE!G32,"") -> 16
A43: =IF(TDE!B33>0,TDE!B33,"") -> Staff AVG | B43: =IF(TDE!C33>0,TDE!C33,"") -> 16 | C43: =IF(TDE!D33>0,TDE!D33,"") -> 16 | D43: =IF(TDE!E33>0,TDE!E33,"") -> 16 | E43: =IF(TDE!F33>0,TDE!F33,"") -> 16 | F43: =IF(TDE!G33>0,TDE!G33,"") -> 16
A44: =IF(TDE!B34>0,TDE!B34,"") -> Plan | B44: =IF(TDE!C34>0,TDE!C34,"") -> 15 | C44: =IF(TDE!D34>0,TDE!D34,"") -> 16 | D44: =IF(TDE!E34>0,TDE!E34,"") -> 16 | E44: =IF(TDE!F34>0,TDE!F34,"") -> 16 | F44: =IF(TDE!G34>0,TDE!G34,"") -> 16
A45: =IF(TDE!B41>0,TDE!B41,"") -> PAYROLL | B45: =IF(TDE!C41>0,TDE!C41,"") -> 13 | C45: =IF(TDE!D41>0,TDE!D41,"") -> 14 | D45: =IF(TDE!E41>0,TDE!E41,"") -> 14 | E45: =IF(TDE!F41>0,TDE!F41,"") -> 14 | F45: =IF(TDE!G41>0,TDE!G41,"") -> 14
A46: =IF(TDE!B45>0,TDE!B45,"") -> CONTRACTOR | B46: =IF(TDE!C45>0,TDE!C45,"") -> 2 | C46: =IF(TDE!D45>0,TDE!D45,"") -> 2 | D46: =IF(TDE!E45>0,TDE!E45,"") -> 2 | E46: =IF(TDE!F45>0,TDE!F45,"") -> 2 | F46: =IF(TDE!G45>0,TDE!G45,"") -> 2
A47: =IF(TDE!B49>0,TDE!B49,"") -> OUTSOURCE | B47: =IF(TDE!C49>0,TDE!C49,"") | C47: =IF(TDE!D49>0,TDE!D49,"") | D47: =IF(TDE!E49>0,TDE!E49,"") | E47: =IF(TDE!F49>0,TDE!F49,"") | F47: =IF(TDE!G49>0,TDE!G49,"")
A51: =TDE!A66 -> Financial Management | B51: =TDE!C$61 -> JAN | C51: =TDE!D$61 -> FEB | D51: =TDE!E$61 -> MAR | E51: =TDE!F$61 -> APR | F51: =TDE!G$61 -> MAY | G51: =TDE!H$61 -> JUN | H51: =TDE!I$61 -> JUL | I51: =TDE!J$61 -> AUG | ... P51: =TDE!Q$61 -> MAR'27
A52: =TDE!B66 -> Staff | B52: =TDE!C66 -> 4 | C52: =TDE!D66 -> 4 | D52: =TDE!E66 -> 4 | E52: =TDE!F66 -> 4 | F52: =TDE!G66 -> 4 | G52: =TDE!H66 -> 4 | H52: =TDE!I66 -> 4 | ... P52: =TDE!Q66 -> 4
A53: =TDE!B67 -> Plan | B53: =TDE!C67 -> 4 | C53: =TDE!D67 -> 4 | D53: =TDE!E67 -> 4 | E53: =TDE!F67 -> 4 | F53: =TDE!G67 -> 4 | G53: =TDE!H67 -> 4 | H53: =TDE!I67 -> 4 | ... P53: =TDE!Q67 -> 4
A61: =TDE!A68 -> Resource Management | B61: =TDE!C$61 -> JAN | C61: =TDE!D$61 -> FEB | D61: =TDE!E$61 -> MAR | E61: =TDE!F$61 -> APR | F61: =TDE!G$61 -> MAY | G61: =TDE!H$61 -> JUN | H61: =TDE!I$61 -> JUL | I61: =TDE!J$61 -> AUG | ... P61: =TDE!Q$61 -> MAR'27
A62: =TDE!B68 -> Staff | B62: =TDE!C68 -> 5 | C62: =TDE!D68 -> 5 | D62: =TDE!E68 -> 5 | E62: =TDE!F68 -> 5 | F62: =TDE!G68 -> 5 | G62: =TDE!H68 -> 5 | H62: =TDE!I68 -> 5 | ... P62: =TDE!Q68 -> 5
A63: =TDE!B69 -> Plan | B63: =TDE!C69 -> 5 | C63: =TDE!D69 -> 5 | D63: =TDE!E69 -> 5 | E63: =TDE!F69 -> 5 | F63: =TDE!G69 -> 5 | G63: =TDE!H69 -> 5 | H63: =TDE!I69 -> 5 | ... P63: =TDE!Q69 -> 5
A71: =TDE!A74 -> Talent Experience & Development | B71: =TDE!C$61 -> JAN | C71: =TDE!D$61 -> FEB | D71: =TDE!E$61 -> MAR | E71: =TDE!F$61 -> APR | F71: =TDE!G$61 -> MAY | G71: =TDE!H$61 -> JUN | H71: =TDE!I$61 -> JUL | I71: =TDE!J$61 -> AUG | ... P71: =TDE!Q$61 -> MAR'27
A72: =TDE!B74 -> Staff | B72: =TDE!C74 -> 3 | C72: =TDE!D74 -> 3 | D72: =TDE!E74 -> 3 | E72: =TDE!F74 -> 3 | F72: =TDE!G74 -> 3 | G72: =TDE!H74 -> 3 | H72: =TDE!I74 -> 3 | ... P72: =TDE!Q74 -> 3
A73: =TDE!B75 -> Plan | B73: =TDE!C75 -> 3 | C73: =TDE!D75 -> 3 | D73: =TDE!E75 -> 3 | E73: =TDE!F75 -> 3 | F73: =TDE!G75 -> 3 | G73: =TDE!H75 -> 3 | H73: =TDE!I75 -> 3 | ... P73: =TDE!Q75 -> 3
A81: =TDE!A80 -> Center of Excellences | B81: =TDE!C$61 -> JAN | C81: =TDE!D$61 -> FEB | D81: =TDE!E$61 -> MAR | E81: =TDE!F$61 -> APR | F81: =TDE!G$61 -> MAY | G81: =TDE!H$61 -> JUN | H81: =TDE!I$61 -> JUL | I81: =TDE!J$61 -> AUG | ... P81: =TDE!Q$61 -> MAR'27
A82: =TDE!B80 -> Staff | B82: =TDE!C80 -> 2 | C82: =TDE!D80 -> 2 | D82: =TDE!E80 -> 2 | E82: =TDE!F80 -> 3 | F82: =TDE!G80 -> 3 | G82: =TDE!H80 -> 3 | H82: =TDE!I80 -> 3 | ... P82: =TDE!Q80 -> 3
A83: =TDE!B81 -> Plan | B83: =TDE!C81 -> 2 | C83: =TDE!D81 -> 2 | D83: =TDE!E81 -> 2 | E83: =TDE!F81 -> 3 | F83: =TDE!G81 -> 3 | G83: =TDE!H81 -> 3 | H83: =TDE!I81 -> 3 | ... P83: =TDE!Q81 -> 3
B151: =TDE!C1 -> JAN | C151: =TDE!D1 -> FEB | D151: =TDE!E1 -> MAR | E151: =TDE!F1 -> APR | F151: =TDE!G1 -> MAY | G151: =TDE!H1 -> JUN | H151: =TDE!I1 -> JUL | I151: =TDE!J1 -> AUG | ... P151: =TDE!Q1 -> MAR'27
A152: =TDE!B6 -> % Plan | B152: =TDE!C6 -> 1 | C152: =TDE!D6 -> 1 | D152: =TDE!E6 -> 1 | E152: =TDE!F6 -> 1 | F152: =TDE!G6 -> 1 | G152: =TDE!H6 -> 1 | H152: =TDE!I6 -> 1 | ... P152: =TDE!Q6 -> 1
A153: =TDE!B7 -> Available FTE | B153: =TDE!C7 -> 0 | C153: =TDE!D7 -> 0 | D153: =TDE!E7 -> 0 | E153: =TDE!F7 -> 0 | F153: =TDE!G7 -> 0 | G153: =TDE!H7 -> 0 | H153: =TDE!I7 -> 0 | ... P153: =TDE!Q7 -> 0

Sheet Project
A1: Group | B1: JAN | C1: FEB | D1: MAR | E1: APR | F1: MAY | G1: JUN | H1: JUL | I1: AUG | J1: SEP | K1: OCT | L1: NOV | M1: DEC | N1: JAN'27 | O1: FEB'27 | P1: MAR'27
A2: GINII | B2: 2.46 | C2: 2.465 | D2: 2.465 | E2: 1.95 | F2: 2.3 | G2: 3.2 | H2: 2.9 | I2: 2.775 | J2: 2.775 | K2: 2.6125 | L2: 2.6125 | M2: 2.6125 | N2: 0.8025 | O2: 0.8025 | P2: 0.8025
A3: Industrial Solutions | B3: 3.37 | C3: 2.77 | D3: 2.59 | E3: 2.08 | F3: 2.13 | G3: 1.75 | H3: 2 | I3: 2 | J3: 2 | K3: 2 | L3: 2 | M3: 2 | N3: 1.55 | O3: 1.55 | P3: 1.55
A4: RGUARD | B4: 1.75 | C4: 1.1 | D4: 1.275 | E4: 0.95 | F4: 0.8 | G4: 0.6 | H4: 0.5 | I4: 0.5 | J4: 0.5 | K4: 0.5 | L4: 0.5 | M4: 0.5 | N4: 0.5 | O4: 0.5 | P4: 0.5
A5: SARA | B5: 3.265 | C5: 3.165 | D5: 3.065 | E5: 2.725 | F5: 2.875 | G5: 3.46 | H5: 2.685 | I5: 2.985 | J5: 2.985 | K5: 2.9225 | L5: 2.9225 | M5: 2.9225 | N5: 2.81 | O5: 2.81 | P5: 2.81
A6: WeShape | B6: 3.25 | C6: 3.625 | D6: 3.67 | E6: 3.4825 | F6: 2.9825 | G6: 2.9875 | H6: 2.3125 | I6: 2.2125 | J6: 3.1125 | K6: 3.1125 | L6: 3.1125 | M6: 3.1125 | N6: 3.05 | O6: 3.05 | P6: 3.05
A9: Project by Team
A11: Group Name | B11: Total | C11: CPS | D11: PSE-PE | E11: PSE-SE | F11: SD-Design | G11: SD-Data | H11: SD-SA | I11: SD-SRE | J11: SD-CyberSec | K11: SD-PM | L11: SD-BA | M11: SD-QA | N11: SD-TM | O11: AIC-AI | P11: AIC-AIE | Q11: AIC-IoT | R11: AIC-SAI | S11: AIC-PSI | T11: TDE
A12: IT Dist | B12: 216 | C12: 0 | D12: 0 | E12: 216 | F12: 0 | G12: 0 | H12: 0 | I12: 0 | J12: 0 | K12: 0 | L12: 0 | M12: 0 | N12: 0 | O12: 0 | P12: 0 | Q12: 0 | R12: 0 | S12: 0 | T12: 0
A13: SCGP e-Ordering | B13: 162.78 | C13: 3.6 | D13: 0 | E13: 46.3 | F13: 2.3 | G13: 0 | H13: 1.05 | I13: 1.35 | J13: 0 | K13: 7.6 | L13: 12 | M13: 83.45 | N13: 5.13 | O13: 0 | P13: 0 | Q13: 0 | R13: 0 | S13: 0 | T13: 0
A14: CAP (Common AI Platform) | B14: 63.6 | C14: 0 | D14: 61.8 | E14: 0 | F14: 0 | G14: 0.6 | H14: 0 | I14: 1.2 | J14: 0 | K14: 0 | L14: 0 | M14: 0 | N14: 0 | O14: 0 | P14: 0 | Q14: 0 | R14: 0 | S14: 0 | T14: 0
A15: PromptPlus | B15: 51.075 | C15: 0.9 | D15: 0 | E15: 22.8 | F15: 1.875 | G15: 0 | H15: 0 | I15: 0 | J15: 0 | K15: 1.8 | L15: 7.7 | M15: 16 | N15: 0 | O15: 0 | P15: 0 | Q15: 0 | R15: 0 | S15: 0 | T15: 0
A16: WeShape platform | B16: 35.455 | C16: 0 | D16: 0 | E16: 7.2 | F16: 0.375 | G16: 0 | H16: 1.8 | I16: 0.65 | J16: 0 | K16: 1.65 | L16: 7.2 | M16: 5.4 | N16: 0 | O16: 0 | P16: 0 | Q16: 0 | R16: 11.18 | S16: 0 | T16: 0
A19: Project by Type
A21: Group Name | B21: Presale | C21: Project | D21: TM | E21: Infra | F21: Spatial Lab | G21: Warmbody | H21: Grand Total
A22: IT Dist | B22: 36 | G22: 180 | H22: 216
A23: SCGP e-Ordering | B23: 2.7 | C23: 154.05 | D23: 5.13 | E23: 0.9 | H23: 162.78
A24: CAP (Common AI Platform) | C24: 63.6 | H24: 63.6
A25: PromptPlus | C25: 27.375 | G25: 23.7 | H25: 51.075
A26: WeShape platform | B26: 0.8 | F26: 34.655 | H26: 35.455

Sheet GraphPJ
A1: =IF(Project!A1>0,Project!A1,"") -> Group | B1: =IF(Project!B1>0,Project!B1,"") -> JAN | C1: =IF(Project!C1>0,Project!C1,"") -> FEB | D1: =IF(Project!D1>0,Project!D1,"") -> MAR | E1: =IF(Project!E1>0,Project!E1,"") -> APR | F1: =IF(Project!F1>0,Project!F1,"") -> MAY | G1: =IF(Project!G1>0,Project!G1,"") -> JUN | H1: =IF(Project!H1>0,Project!H1,"") -> JUL | ... T1: =IF(Project!T1>0,Project!T1,"")
A2: =IF(Project!A2>0,Project!A2,"") -> GINII | B2: =IF(Project!B2>0,Project!B2,"") -> 2.46 | C2: =IF(Project!C2>0,Project!C2,"") -> 2.465 | D2: =IF(Project!D2>0,Project!D2,"") -> 2.465 | E2: =IF(Project!E2>0,Project!E2,"") -> 1.95 | F2: =IF(Project!F2>0,Project!F2,"") -> 2.3 | G2: =IF(Project!G2>0,Project!G2,"") -> 3.2 | H2: =IF(Project!H2>0,Project!H2,"") -> 2.9 | ... T2: =IF(Project!T2>0,Project!T2,"")
A3: =IF(Project!A3>0,Project!A3,"") -> Industrial Solutions | B3: =IF(Project!B3>0,Project!B3,"") -> 3.37 | C3: =IF(Project!C3>0,Project!C3,"") -> 2.77 | D3: =IF(Project!D3>0,Project!D3,"") -> 2.59 | E3: =IF(Project!E3>0,Project!E3,"") -> 2.08 | F3: =IF(Project!F3>0,Project!F3,"") -> 2.13 | G3: =IF(Project!G3>0,Project!G3,"") -> 1.75 | H3: =IF(Project!H3>0,Project!H3,"") -> 2 | ... T3: =IF(Project!T3>0,Project!T3,"")
A4: =IF(Project!A4>0,Project!A4,"") -> RGUARD | B4: =IF(Project!B4>0,Project!B4,"") -> 1.75 | C4: =IF(Project!C4>0,Project!C4,"") -> 1.1 | D4: =IF(Project!D4>0,Project!D4,"") -> 1.275 | E4: =IF(Project!E4>0,Project!E4,"") -> 0.95 | F4: =IF(Project!F4>0,Project!F4,"") -> 0.8 | G4: =IF(Project!G4>0,Project!G4,"") -> 0.6 | H4: =IF(Project!H4>0,Project!H4,"") -> 0.5 | ... T4: =IF(Project!T4>0,Project!T4,"")
A5: =IF(Project!A5>0,Project!A5,"") -> SARA | B5: =IF(Project!B5>0,Project!B5,"") -> 3.265 | C5: =IF(Project!C5>0,Project!C5,"") -> 3.165 | D5: =IF(Project!D5>0,Project!D5,"") -> 3.065 | E5: =IF(Project!E5>0,Project!E5,"") -> 2.725 | F5: =IF(Project!F5>0,Project!F5,"") -> 2.875 | G5: =IF(Project!G5>0,Project!G5,"") -> 3.46 | H5: =IF(Project!H5>0,Project!H5,"") -> 2.685 | ... T5: =IF(Project!T5>0,Project!T5,"")
A6: =IF(Project!A6>0,Project!A6,"") -> WeShape | B6: =IF(Project!B6>0,Project!B6,"") -> 3.25 | C6: =IF(Project!C6>0,Project!C6,"") -> 3.625 | D6: =IF(Project!D6>0,Project!D6,"") -> 3.67 | E6: =IF(Project!E6>0,Project!E6,"") -> 3.4825 | F6: =IF(Project!F6>0,Project!F6,"") -> 2.9825 | G6: =IF(Project!G6>0,Project!G6,"") -> 2.9875 | H6: =IF(Project!H6>0,Project!H6,"") -> 2.3125 | ... T6: =IF(Project!T6>0,Project!T6,"")
A7: =IF(Project!A7>0,Project!A7,"") | B7: =IF(Project!B7>0,Project!B7,"") | C7: =IF(Project!C7>0,Project!C7,"") | D7: =IF(Project!D7>0,Project!D7,"") | E7: =IF(Project!E7>0,Project!E7,"") | F7: =IF(Project!F7>0,Project!F7,"") | G7: =IF(Project!G7>0,Project!G7,"") | H7: =IF(Project!H7>0,Project!H7,"") | ... T7: =IF(Project!T7>0,Project!T7,"")
A8: =IF(Project!A8>0,Project!A8,"") | B8: =IF(Project!B8>0,Project!B8,"") | C8: =IF(Project!C8>0,Project!C8,"") | D8: =IF(Project!D8>0,Project!D8,"") | E8: =IF(Project!E8>0,Project!E8,"") | F8: =IF(Project!F8>0,Project!F8,"") | G8: =IF(Project!G8>0,Project!G8,"") | H8: =IF(Project!H8>0,Project!H8,"") | ... T8: =IF(Project!T8>0,Project!T8,"")
A9: =IF(Project!A9>0,Project!A9,"") -> Project by Team | B9: =IF(Project!B9>0,Project!B9,"") | C9: =IF(Project!C9>0,Project!C9,"") | D9: =IF(Project!D9>0,Project!D9,"") | E9: =IF(Project!E9>0,Project!E9,"") | F9: =IF(Project!F9>0,Project!F9,"") | G9: =IF(Project!G9>0,Project!G9,"") | H9: =IF(Project!H9>0,Project!H9,"") | ... T9: =IF(Project!T9>0,Project!T9,"")
A10: =IF(Project!A10>0,Project!A10,"") | B10: =IF(Project!B10>0,Project!B10,"") | C10: =IF(Project!C10>0,Project!C10,"") | D10: =IF(Project!D10>0,Project!D10,"") | E10: =IF(Project!E10>0,Project!E10,"") | F10: =IF(Project!F10>0,Project!F10,"") | G10: =IF(Project!G10>0,Project!G10,"") | H10: =IF(Project!H10>0,Project!H10,"") | ... T10: =IF(Project!T10>0,Project!T10,"")
A11: =IF(Project!A11>0,Project!A11,"") -> Group Name | B11: =IF(Project!B11>0,Project!B11,"") -> Total | C11: =IF(Project!C11>0,Project!C11,"") -> CPS | D11: =IF(Project!D11>0,Project!D11,"") -> PSE-PE | E11: =IF(Project!E11>0,Project!E11,"") -> PSE-SE | F11: =IF(Project!F11>0,Project!F11,"") -> SD-Design | G11: =IF(Project!G11>0,Project!G11,"") -> SD-Data | H11: =IF(Project!H11>0,Project!H11,"") -> SD-SA | ... T11: =IF(Project!T11>0,Project!T11,"") -> TDE
A12: =IF(Project!A12>0,Project!A12,"") -> IT Dist | B12: =IF(Project!B12>0,Project!B12,"") -> 216 | C12: =IF(Project!C12>0,Project!C12,"") | D12: =IF(Project!D12>0,Project!D12,"") | E12: =IF(Project!E12>0,Project!E12,"") -> 216 | F12: =IF(Project!F12>0,Project!F12,"") | G12: =IF(Project!G12>0,Project!G12,"") | H12: =IF(Project!H12>0,Project!H12,"") | ... T12: =IF(Project!T12>0,Project!T12,"")
... A30: =IF(Project!A30>0,Project!A30,"") | B30: =IF(Project!B30>0,Project!B30,"") | C30: =IF(Project!C30>0,Project!C30,"") | D30: =IF(Project!D30>0,Project!D30,"") | E30: =IF(Project!E30>0,Project!E30,"") | F30: =IF(Project!F30>0,Project!F30,"") | G30: =IF(Project!G30>0,Project!G30,"") | H30: =IF(Project!H30>0,Project!H30,"") | ... T30: =IF(Project!T30>0,Project!T30,"")
